0,0.000000,-4.158871e+01
1,0.010000,-4.158871e+01
2,0.020000,-4.158871e+01
3,0.030000,-4.158871e+01
4,0.040000,-4.158871e+01
5,0.050000,-4.158871e+01
6,0.060000,-4.158871e+01
7,0.070000,-2.058123e+01
8,0.080000,-8.762684e+00
9,0.090000,-7.131798e+00
10,0.100000,-6.689545e+00
11,0.110000,-6.948665e+00
12,0.120000,-7.499570e+00
13,0.130000,-7.243152e+00
14,0.140000,-7.153491e+00
15,0.150000,-7.382648e+00
16,0.160000,-7.605155e+00
17,0.170000,-7.729190e+00
18,0.180000,-7.625613e+00
19,0.190000,-7.752624e+00
20,0.200000,-8.112520e+00
21,0.210000,-8.463067e+00
22,0.220000,-8.295907e+00
23,0.230000,-8.313085e+00
24,0.240000,-8.397337e+00
25,0.250000,-8.354987e+00
26,0.260000,-8.117474e+00
27,0.270000,-7.811635e+00
28,0.280000,-7.397807e+00
29,0.290000,-6.934664e+00
30,0.300000,-6.873817e+00
31,0.310000,-6.597303e+00
32,0.320000,-6.424066e+00
33,0.330000,-6.288766e+00
34,0.340000,-6.511689e+00
35,0.350000,-6.527071e+00
36,0.360000,-6.739423e+00
37,0.370000,-6.592629e+00
38,0.380000,-6.880519e+00
39,0.390000,-7.136388e+00
40,0.400000,-7.035583e+00
41,0.410000,-6.816035e+00
42,0.420000,-6.779252e+00
43,0.430000,-5.909362e+00
44,0.440000,-5.317391e+00
45,0.450000,-5.225752e+00
46,0.460000,-5.816814e+00
47,0.470000,-6.476421e+00
48,0.480000,-6.481722e+00
49,0.490000,-6.389616e+00
50,0.500000,-6.501064e+00
51,0.510000,-6.795380e+00
52,0.520000,-6.833724e+00
53,0.530000,-6.605227e+00
54,0.540000,-6.438104e+00
55,0.550000,-6.336946e+00
56,0.560000,-6.285302e+00
57,0.570000,-6.792735e+00
58,0.580000,-6.740515e+00
59,0.590000,-6.791061e+00
60,0.600000,-6.506474e+00
61,0.610000,-6.553369e+00
62,0.620000,-6.947525e+00
63,0.630000,-6.779596e+00
64,0.640000,-6.690764e+00
65,0.650000,-6.950182e+00
66,0.660000,-6.750081e+00
67,0.670000,-6.913768e+00
68,0.680000,-7.250084e+00
69,0.690000,-6.966797e+00
70,0.700000,-7.106409e+00
71,0.710000,-7.570093e+00
72,0.720000,-7.725188e+00
73,0.730000,-7.905890e+00
74,0.740000,-7.962701e+00
75,0.750000,-8.132184e+00
76,0.760000,-7.948263e+00
77,0.770000,-7.835455e+00
78,0.780000,-7.644296e+00
79,0.790000,-7.457207e+00
80,0.800000,-7.112039e+00
81,0.810000,-6.989644e+00
82,0.820000,-6.912784e+00
83,0.830000,-6.994843e+00
84,0.840000,-6.908730e+00
85,0.850000,-6.848551e+00
86,0.860000,-7.335936e+00
87,0.870000,-7.365649e+00
88,0.880000,-7.362483e+00
89,0.890000,-7.735135e+00
90,0.900000,-7.578057e+00
91,0.910000,-7.778869e+00
92,0.920000,-8.032047e+00
93,0.930000,-8.620227e+00
94,0.940000,-8.501266e+00
95,0.950000,-7.633104e+00
96,0.960000,-7.142656e+00
97,0.970000,-7.238688e+00
98,0.980000,-7.666470e+00
99,0.990000,-8.075037e+00
100,1.000000,-7.654729e+00
101,1.010000,-7.553830e+00
102,1.020000,-7.778944e+00
103,1.030000,-7.866069e+00
104,1.040000,-8.031756e+00
105,1.050000,-7.926823e+00
106,1.060000,-7.543290e+00
107,1.070000,-7.320176e+00
108,1.080000,-7.192564e+00
109,1.090000,-6.827096e+00
110,1.100000,-7.024609e+00
111,1.110000,-7.194140e+00
112,1.120000,-7.323488e+00
113,1.130000,-7.324196e+00
114,1.140000,-7.406061e+00
115,1.150000,-7.417667e+00
116,1.160000,-7.567035e+00
117,1.170000,-8.329873e+00
118,1.180000,-8.430320e+00
119,1.190000,-8.187194e+00
120,1.200000,-8.468199e+00
121,1.210000,-7.802069e+00
122,1.220000,-7.313285e+00
123,1.230000,-7.030848e+00
124,1.240000,-6.958317e+00
125,1.250000,-7.003063e+00
126,1.260000,-7.431604e+00
127,1.270000,-7.517733e+00
128,1.280000,-7.417144e+00
129,1.290000,-7.320347e+00
130,1.300000,-7.460676e+00
131,1.310000,-7.492818e+00
132,1.320000,-7.618122e+00
133,1.330000,-7.870977e+00
134,1.340000,-7.735285e+00
135,1.350000,-7.471835e+00
136,1.360000,-7.688877e+00
137,1.370000,-8.277004e+00
138,1.380000,-8.420492e+00
139,1.390000,-8.153075e+00
140,1.400000,-8.142378e+00
141,1.410000,-8.269253e+00
142,1.420000,-8.369655e+00
143,1.430000,-8.210634e+00
144,1.440000,-8.135505e+00
145,1.450000,-8.131268e+00
146,1.460000,-8.137929e+00
147,1.470000,-8.175321e+00
148,1.480000,-7.934163e+00
149,1.490000,-8.066109e+00
150,1.500000,-8.338280e+00
151,1.510000,-8.381859e+00
152,1.520000,-8.296194e+00
153,1.530000,-8.049659e+00
154,1.540000,-7.937970e+00
155,1.550000,-8.210599e+00
156,1.560000,-8.150523e+00
157,1.570000,-8.487150e+00
158,1.580000,-8.549687e+00
159,1.590000,-8.632010e+00
160,1.600000,-8.782323e+00
161,1.610000,-8.755416e+00
162,1.620000,-7.981987e+00
163,1.630000,-7.402544e+00
164,1.640000,-7.524672e+00
165,1.650000,-7.529876e+00
166,1.660000,-7.307542e+00
167,1.670000,-7.053051e+00
168,1.680000,-7.000253e+00
169,1.690000,-7.310318e+00
170,1.700000,-7.431804e+00
171,1.710000,-7.025960e+00
172,1.720000,-7.111516e+00
173,1.730000,-7.384794e+00
174,1.740000,-7.697257e+00
175,1.750000,-7.696579e+00
176,1.760000,-7.843541e+00
177,1.770000,-7.849971e+00
178,1.780000,-7.733958e+00
179,1.790000,-7.502008e+00
180,1.800000,-7.308599e+00
181,1.810000,-7.579010e+00
182,1.820000,-7.772019e+00
183,1.830000,-7.809064e+00
184,1.840000,-7.641514e+00
185,1.850000,-8.169353e+00
186,1.860000,-8.252106e+00
187,1.870000,-7.876176e+00
188,1.880000,-8.014101e+00
189,1.890000,-8.403264e+00
190,1.900000,-8.815500e+00
191,1.910000,-8.417242e+00
192,1.920000,-8.273364e+00
193,1.930000,-8.266352e+00
194,1.940000,-8.349563e+00
195,1.950000,-8.495056e+00
196,1.960000,-8.551575e+00
197,1.970000,-8.279337e+00
198,1.980000,-8.378653e+00
199,1.990000,-8.681843e+00
200,2.000000,-8.300816e+00
201,2.010000,-7.935433e+00
202,2.020000,-7.887762e+00
203,2.030000,-8.417117e+00
204,2.040000,-8.913994e+00
205,2.050000,-8.710198e+00
206,2.060000,-8.440524e+00
207,2.070000,-8.251067e+00
208,2.080000,-7.673948e+00
209,2.090000,-7.337925e+00
210,2.100000,-7.004586e+00
211,2.110000,-6.798933e+00
212,2.120000,-6.859517e+00
213,2.130000,-7.177459e+00
214,2.140000,-7.164178e+00
215,2.150000,-7.017234e+00
216,2.160000,-6.938648e+00
217,2.170000,-7.218709e+00
218,2.180000,-6.955205e+00
219,2.190000,-6.732391e+00
220,2.200000,-6.722538e+00
221,2.210000,-6.964903e+00
222,2.220000,-7.394472e+00
223,2.230000,-7.277133e+00
224,2.240000,-7.325272e+00
225,2.250000,-7.846565e+00
226,2.260000,-7.967817e+00
227,2.270000,-7.905268e+00
228,2.280000,-7.863499e+00
229,2.290000,-8.025395e+00
230,2.300000,-8.417920e+00
231,2.310000,-8.323743e+00
232,2.320000,-8.176336e+00
233,2.330000,-7.633466e+00
234,2.340000,-7.365669e+00
235,2.350000,-7.167056e+00
236,2.360000,-7.309780e+00
237,2.370000,-7.324710e+00
238,2.380000,-7.278769e+00
239,2.390000,-7.027689e+00
240,2.400000,-7.031886e+00
241,2.410000,-7.090628e+00
242,2.420000,-7.432714e+00
243,2.430000,-7.676248e+00
244,2.440000,-7.464583e+00
245,2.450000,-7.249609e+00
246,2.460000,-7.602964e+00
247,2.470000,-7.770347e+00
248,2.480000,-7.876424e+00
249,2.490000,-7.915496e+00
250,2.500000,-7.732949e+00
251,2.510000,-7.780121e+00
252,2.520000,-7.900412e+00
253,2.530000,-8.317201e+00
254,2.540000,-7.762586e+00
255,2.550000,-7.356321e+00
256,2.560000,-7.210053e+00
257,2.570000,-7.518723e+00
258,2.580000,-7.832328e+00
259,2.590000,-7.293869e+00
260,2.600000,-7.340250e+00
261,2.610000,-7.661088e+00
262,2.620000,-7.534695e+00
263,2.630000,-7.586206e+00
264,2.640000,-7.879881e+00
265,2.650000,-7.987894e+00
266,2.660000,-8.174325e+00
267,2.670000,-8.439029e+00
268,2.680000,-8.613168e+00
269,2.690000,-8.153438e+00
270,2.700000,-7.914946e+00
271,2.710000,-7.647356e+00
272,2.720000,-7.416144e+00
273,2.730000,-7.661237e+00
274,2.740000,-7.208865e+00
275,2.750000,-6.813339e+00
276,2.760000,-6.639170e+00
277,2.770000,-7.070246e+00
278,2.780000,-7.240897e+00
279,2.790000,-7.469750e+00
280,2.800000,-7.504405e+00
281,2.810000,-7.304754e+00
282,2.820000,-7.057478e+00
283,2.830000,-6.992491e+00
284,2.840000,-6.970414e+00
285,2.850000,-6.948328e+00
286,2.860000,-6.795484e+00
287,2.870000,-6.770275e+00
288,2.880000,-6.955815e+00
289,2.890000,-7.180655e+00
290,2.900000,-6.793548e+00
291,2.910000,-6.640875e+00
292,2.920000,-6.500431e+00
293,2.930000,-6.419769e+00
294,2.940000,-6.586477e+00
295,2.950000,-6.786961e+00
296,2.960000,-6.815704e+00
297,2.970000,-6.938628e+00
298,2.980000,-6.942429e+00
299,2.990000,-6.759923e+00
300,3.000000,-6.623974e+00
301,3.010000,-6.703095e+00
302,3.020000,-6.977091e+00
303,3.030000,-7.436611e+00
304,3.040000,-7.323338e+00
305,3.050000,-7.524560e+00
306,3.060000,-8.034579e+00
307,3.070000,-8.013497e+00
308,3.080000,-7.882866e+00
309,3.090000,-7.812985e+00
310,3.100000,-8.195376e+00
311,3.110000,-8.517362e+00
312,3.120000,-8.122219e+00
313,3.130000,-7.270264e+00
314,3.140000,-7.012843e+00
315,3.150000,-6.898219e+00
316,3.160000,-7.460719e+00
317,3.170000,-7.320459e+00
318,3.180000,-7.163294e+00
319,3.190000,-7.380066e+00
320,3.200000,-7.367885e+00
321,3.210000,-7.682518e+00
322,3.220000,-7.759948e+00
323,3.230000,-7.684652e+00
324,3.240000,-7.799430e+00
325,3.250000,-7.714282e+00
326,3.260000,-7.980506e+00
327,3.270000,-8.097538e+00
328,3.280000,-8.105003e+00
329,3.290000,-7.857837e+00
330,3.300000,-7.976892e+00
331,3.310000,-8.095153e+00
332,3.320000,-8.079666e+00
333,3.330000,-8.222242e+00
334,3.340000,-8.196934e+00
335,3.350000,-8.661936e+00
336,3.360000,-8.151189e+00
337,3.370000,-7.874025e+00
338,3.380000,-7.642554e+00
339,3.390000,-7.374504e+00
340,3.400000,-7.405501e+00
341,3.410000,-7.257776e+00
342,3.420000,-7.124998e+00
343,3.430000,-6.998112e+00
344,3.440000,-6.839079e+00
345,3.450000,-7.081567e+00
346,3.460000,-7.198931e+00
347,3.470000,-6.626977e+00
348,3.480000,-6.490677e+00
349,3.490000,-6.849007e+00
350,3.500000,-7.436969e+00
351,3.510000,-7.318120e+00
352,3.520000,-7.084833e+00
353,3.530000,-7.300738e+00
354,3.540000,-8.125256e+00
355,3.550000,-8.206545e+00
356,3.560000,-7.582181e+00
357,3.570000,-7.480366e+00
358,3.580000,-7.795687e+00
359,3.590000,-8.109307e+00
360,3.600000,-7.717064e+00
361,3.610000,-7.422361e+00
362,3.620000,-7.546714e+00
363,3.630000,-7.750465e+00
364,3.640000,-7.783813e+00
365,3.650000,-7.965056e+00
366,3.660000,-7.807174e+00
367,3.670000,-7.487536e+00
368,3.680000,-7.253992e+00
369,3.690000,-7.403003e+00
370,3.700000,-7.466059e+00
371,3.710000,-7.273547e+00
372,3.720000,-6.823940e+00
373,3.730000,-6.661932e+00
374,3.740000,-6.925148e+00
375,3.750000,-7.361297e+00
376,3.760000,-7.419154e+00
377,3.770000,-7.483377e+00
378,3.780000,-7.542765e+00
379,3.790000,-7.575782e+00
380,3.800000,-7.663249e+00
381,3.810000,-7.808671e+00
382,3.820000,-7.643786e+00
383,3.830000,-7.442742e+00
384,3.840000,-7.639643e+00
385,3.850000,-7.655282e+00
386,3.860000,-7.517448e+00
387,3.870000,-7.253047e+00
388,3.880000,-7.517557e+00
389,3.890000,-7.610396e+00
390,3.900000,-7.818915e+00
391,3.910000,-7.972401e+00
392,3.920000,-8.096566e+00
393,3.930000,-8.348358e+00
394,3.940000,-8.168640e+00
395,3.950000,-8.013593e+00
396,3.960000,-8.172267e+00
397,3.970000,-8.173083e+00
398,3.980000,-7.675877e+00
399,3.990000,-7.228648e+00
400,4.000000,-7.083071e+00
401,4.010000,-7.109312e+00
402,4.020000,-7.028661e+00
403,4.030000,-7.147779e+00
404,4.040000,-7.118505e+00
405,4.050000,-7.223323e+00
406,4.060000,-7.406090e+00
407,4.070000,-7.555991e+00
408,4.080000,-7.902671e+00
409,4.090000,-7.581406e+00
410,4.100000,-7.518370e+00
411,4.110000,-7.516722e+00
412,4.120000,-7.812690e+00
413,4.130000,-7.454562e+00
414,4.140000,-7.020154e+00
415,4.150000,-6.904244e+00
416,4.160000,-7.277266e+00
417,4.170000,-7.355765e+00
418,4.180000,-7.333508e+00
419,4.190000,-7.352180e+00
420,4.200000,-7.231258e+00
421,4.210000,-7.172912e+00
422,4.220000,-7.388660e+00
423,4.230000,-7.789717e+00
424,4.240000,-8.198562e+00
425,4.250000,-8.590060e+00
426,4.260000,-8.346376e+00
427,4.270000,-8.516479e+00
428,4.280000,-8.473095e+00
429,4.290000,-8.093368e+00
430,4.300000,-8.175748e+00
431,4.310000,-8.251606e+00
432,4.320000,-8.479470e+00
433,4.330000,-8.421634e+00
434,4.340000,-8.518383e+00
435,4.350000,-8.482252e+00
436,4.360000,-8.193924e+00
437,4.370000,-8.093449e+00
438,4.380000,-7.384921e+00
439,4.390000,-7.171260e+00
440,4.400000,-7.195774e+00
441,4.410000,-7.371607e+00
442,4.420000,-7.473619e+00
443,4.430000,-7.263927e+00
444,4.440000,-7.521968e+00
445,4.450000,-7.486312e+00
446,4.460000,-7.495777e+00
447,4.470000,-7.206497e+00
448,4.480000,-6.933424e+00
449,4.490000,-7.282938e+00
450,4.500000,-7.273195e+00
451,4.510000,-7.345898e+00
452,4.520000,-7.534160e+00
453,4.530000,-7.572570e+00
454,4.540000,-7.145229e+00
455,4.550000,-6.946726e+00
456,4.560000,-7.377714e+00
457,4.570000,-7.957817e+00
458,4.580000,-7.800951e+00
459,4.590000,-7.691473e+00
460,4.600000,-8.179666e+00
461,4.610000,-8.353100e+00
462,4.620000,-8.268435e+00
463,4.630000,-7.985652e+00
464,4.640000,-7.398408e+00
465,4.650000,-7.573527e+00
466,4.660000,-8.178035e+00
467,4.670000,-7.759482e+00
468,4.680000,-7.642177e+00
469,4.690000,-7.964868e+00
470,4.700000,-8.034142e+00
471,4.710000,-7.901485e+00
472,4.720000,-7.999068e+00
473,4.730000,-7.606297e+00
474,4.740000,-7.462604e+00
475,4.750000,-7.315779e+00
476,4.760000,-7.531905e+00
477,4.770000,-7.640420e+00
478,4.780000,-7.626610e+00
479,4.790000,-7.630102e+00
480,4.800000,-7.446678e+00
481,4.810000,-7.600194e+00
482,4.820000,-7.601147e+00
483,4.830000,-7.720689e+00
484,4.840000,-7.407714e+00
485,4.850000,-6.657931e+00
486,4.860000,-6.794589e+00
487,4.870000,-6.967296e+00
488,4.880000,-7.313524e+00
489,4.890000,-7.570654e+00
490,4.900000,-7.191663e+00
491,4.910000,-6.715081e+00
492,4.920000,-6.448510e+00
493,4.930000,-6.646547e+00
494,4.940000,-7.004277e+00
495,4.950000,-7.528578e+00
496,4.960000,-7.969979e+00
497,4.970000,-7.726061e+00
498,4.980000,-7.692355e+00
499,4.990000,-7.671555e+00
500,5.000000,-7.462125e+00
501,5.010000,-7.381253e+00
502,5.020000,-7.438563e+00
503,5.030000,-7.537344e+00
504,5.040000,-7.558067e+00
505,5.050000,-7.692330e+00
506,5.060000,-7.630733e+00
507,5.070000,-7.784342e+00
508,5.080000,-8.038596e+00
509,5.090000,-8.345016e+00
510,5.100000,-8.232450e+00
511,5.110000,-7.884550e+00
512,5.120000,-7.854160e+00
513,5.130000,-8.240665e+00
514,5.140000,-8.047921e+00
515,5.150000,-7.688062e+00
516,5.160000,-7.517288e+00
517,5.170000,-6.897340e+00
518,5.180000,-6.619940e+00
519,5.190000,-6.631350e+00
520,5.200000,-6.664051e+00
521,5.210000,-6.685979e+00
522,5.220000,-6.627908e+00
523,5.230000,-7.002820e+00
524,5.240000,-7.609846e+00
525,5.250000,-7.344344e+00
526,5.260000,-7.483354e+00
527,5.270000,-7.894127e+00
528,5.280000,-7.906578e+00
529,5.290000,-7.868507e+00
530,5.300000,-7.983732e+00
531,5.310000,-7.879462e+00
532,5.320000,-8.135985e+00
533,5.330000,-8.107751e+00
534,5.340000,-7.866683e+00
535,5.350000,-8.101264e+00
536,5.360000,-8.157684e+00
537,5.370000,-8.298646e+00
538,5.380000,-7.940440e+00
539,5.390000,-7.939751e+00
540,5.400000,-7.931692e+00
541,5.410000,-7.770104e+00
542,5.420000,-7.698627e+00
543,5.430000,-8.021798e+00
544,5.440000,-8.040504e+00
545,5.450000,-8.303718e+00
546,5.460000,-8.050665e+00
547,5.470000,-7.485244e+00
548,5.480000,-7.259070e+00
549,5.490000,-7.203489e+00
550,5.500000,-7.226250e+00
551,5.510000,-7.276237e+00
552,5.520000,-7.137951e+00
553,5.530000,-7.071839e+00
554,5.540000,-6.988286e+00
555,5.550000,-7.190831e+00
556,5.560000,-7.482339e+00
557,5.570000,-7.484103e+00
558,5.580000,-7.566920e+00
559,5.590000,-7.508629e+00
560,5.600000,-7.552030e+00
561,5.610000,-7.604085e+00
562,5.620000,-7.789465e+00
563,5.630000,-8.187300e+00
564,5.640000,-7.930761e+00
565,5.650000,-7.981639e+00
566,5.660000,-7.840082e+00
567,5.670000,-7.781560e+00
568,5.680000,-7.442868e+00
569,5.690000,-6.959147e+00
570,5.700000,-6.825342e+00
571,5.710000,-7.058388e+00
572,5.720000,-7.143316e+00
573,5.730000,-6.648579e+00
574,5.740000,-6.601998e+00
575,5.750000,-6.802512e+00
576,5.760000,-7.092915e+00
577,5.770000,-6.792193e+00
578,5.780000,-6.404939e+00
579,5.790000,-6.736724e+00
580,5.800000,-7.070134e+00
581,5.810000,-6.943072e+00
582,5.820000,-6.784836e+00
583,5.830000,-6.981873e+00
584,5.840000,-7.297882e+00
585,5.850000,-7.463423e+00
586,5.860000,-7.367080e+00
587,5.870000,-7.641844e+00
588,5.880000,-8.124578e+00
589,5.890000,-7.629416e+00
590,5.900000,-7.100552e+00
591,5.910000,-7.155337e+00
592,5.920000,-7.433508e+00
593,5.930000,-7.175205e+00
594,5.940000,-6.603759e+00
595,5.950000,-6.706191e+00
596,5.960000,-6.842513e+00
597,5.970000,-7.134708e+00
598,5.980000,-6.821405e+00
599,5.990000,-6.541909e+00
600,6.000000,-6.715412e+00
601,6.010000,-6.902202e+00
602,6.020000,-7.302880e+00
603,6.030000,-7.275115e+00
604,6.040000,-7.441069e+00
605,6.050000,-7.787408e+00
606,6.060000,-7.707017e+00
607,6.070000,-7.573121e+00
608,6.080000,-7.383255e+00
609,6.090000,-7.828335e+00
610,6.100000,-7.497530e+00
611,6.110000,-7.588565e+00
612,6.120000,-7.752916e+00
613,6.130000,-7.721063e+00
614,6.140000,-8.024680e+00
615,6.150000,-7.920163e+00
616,6.160000,-8.060209e+00
617,6.170000,-7.786570e+00
618,6.180000,-7.615306e+00
619,6.190000,-7.682919e+00
620,6.200000,-7.521204e+00
621,6.210000,-7.343586e+00
622,6.220000,-7.121495e+00
623,6.230000,-6.734058e+00
624,6.240000,-6.761801e+00
625,6.250000,-6.796737e+00
626,6.260000,-6.655023e+00
627,6.270000,-6.367137e+00
628,6.280000,-6.443552e+00
629,6.290000,-6.315958e+00
630,6.300000,-6.415775e+00
631,6.310000,-6.393151e+00
632,6.320000,-6.714181e+00
633,6.330000,-7.080433e+00
634,6.340000,-7.487806e+00
635,6.350000,-7.752466e+00
636,6.360000,-7.810088e+00
637,6.370000,-7.451075e+00
638,6.380000,-7.270141e+00
639,6.390000,-7.188169e+00
640,6.400000,-7.162212e+00
641,6.410000,-7.418949e+00
642,6.420000,-7.582100e+00
643,6.430000,-7.622583e+00
644,6.440000,-7.783713e+00
645,6.450000,-8.060133e+00
646,6.460000,-8.368133e+00
647,6.470000,-8.342227e+00
648,6.480000,-7.955241e+00
649,6.490000,-7.851559e+00
650,6.500000,-7.863735e+00
651,6.510000,-7.780046e+00
652,6.520000,-7.499711e+00
653,6.530000,-7.486277e+00
654,6.540000,-7.619208e+00
655,6.550000,-7.594183e+00
656,6.560000,-7.417731e+00
657,6.570000,-7.447878e+00
658,6.580000,-7.386797e+00
659,6.590000,-7.457509e+00
660,6.600000,-7.230662e+00
661,6.610000,-7.420690e+00
662,6.620000,-7.602066e+00
663,6.630000,-7.609941e+00
664,6.640000,-7.479800e+00
665,6.650000,-7.088214e+00
666,6.660000,-7.188596e+00
667,6.670000,-7.387270e+00
668,6.680000,-7.638518e+00
669,6.690000,-7.745942e+00
670,6.700000,-7.994760e+00
671,6.710000,-8.244969e+00
672,6.720000,-8.247319e+00
673,6.730000,-8.305107e+00
674,6.740000,-8.524809e+00
675,6.750000,-8.326891e+00
676,6.760000,-8.359740e+00
677,6.770000,-8.902597e+00
678,6.780000,-8.633582e+00
679,6.790000,-8.318792e+00
680,6.800000,-7.906615e+00
681,6.810000,-8.148597e+00
682,6.820000,-8.241549e+00
683,6.830000,-8.160846e+00
684,6.840000,-8.238056e+00
685,6.850000,-8.182440e+00
686,6.860000,-8.123387e+00
687,6.870000,-8.193933e+00
688,6.880000,-8.164244e+00
689,6.890000,-8.189126e+00
690,6.900000,-8.324878e+00
691,6.910000,-7.967620e+00
692,6.920000,-8.189190e+00
693,6.930000,-8.374539e+00
694,6.940000,-8.286116e+00
695,6.950000,-8.121165e+00
696,6.960000,-8.150198e+00
697,6.970000,-8.345086e+00
698,6.980000,-8.494551e+00
699,6.990000,-8.013052e+00
700,7.000000,-7.880082e+00
701,7.010000,-8.064126e+00
702,7.020000,-8.319269e+00
703,7.030000,-8.756513e+00
704,7.040000,-8.432348e+00
705,7.050000,-8.287244e+00
706,7.060000,-8.450293e+00
707,7.070000,-7.900220e+00
708,7.080000,-6.750926e+00
709,7.090000,-6.439252e+00
710,7.100000,-6.389175e+00
711,7.110000,-6.527401e+00
712,7.120000,-6.250280e+00
713,7.130000,-6.267095e+00
714,7.140000,-6.148533e+00
715,7.150000,-6.190617e+00
716,7.160000,-6.281822e+00
717,7.170000,-6.687649e+00
718,7.180000,-6.308161e+00
719,7.190000,-6.222636e+00
720,7.200000,-6.339923e+00
721,7.210000,-7.144764e+00
722,7.220000,-8.179640e+00
723,7.230000,-8.251431e+00
724,7.240000,-7.633049e+00
725,7.250000,-7.286438e+00
726,7.260000,-6.761971e+00
727,7.270000,-6.885337e+00
728,7.280000,-6.879527e+00
729,7.290000,-7.569308e+00
730,7.300000,-7.846253e+00
731,7.310000,-8.037409e+00
732,7.320000,-7.146298e+00
733,7.330000,-6.666490e+00
734,7.340000,-6.259205e+00
735,7.350000,-6.161051e+00
736,7.360000,-6.224361e+00
737,7.370000,-6.470628e+00
738,7.380000,-6.825767e+00
739,7.390000,-6.690329e+00
740,7.400000,-6.605052e+00
741,7.410000,-6.566510e+00
742,7.420000,-6.924482e+00
743,7.430000,-6.898523e+00
744,7.440000,-6.745851e+00
745,7.450000,-6.710083e+00
746,7.460000,-7.199142e+00
747,7.470000,-7.709650e+00
748,7.480000,-8.252294e+00
749,7.490000,-8.407070e+00
750,7.500000,-8.351504e+00
751,7.510000,-7.858977e+00
752,7.520000,-7.947601e+00
753,7.530000,-7.665974e+00
754,7.540000,-7.390257e+00
755,7.550000,-7.143254e+00
756,7.560000,-7.075986e+00
757,7.570000,-7.140318e+00
758,7.580000,-7.276301e+00
759,7.590000,-7.247170e+00
760,7.600000,-7.426005e+00
761,7.610000,-7.801937e+00
762,7.620000,-7.636585e+00
763,7.630000,-7.537971e+00
764,7.640000,-7.775498e+00
765,7.650000,-8.065559e+00
766,7.660000,-7.925961e+00
767,7.670000,-8.123092e+00
768,7.680000,-8.221514e+00
769,7.690000,-8.437036e+00
770,7.700000,-8.406191e+00
771,7.710000,-8.287323e+00
772,7.720000,-7.997921e+00
773,7.730000,-7.721222e+00
774,7.740000,-7.455276e+00
775,7.750000,-7.212941e+00
776,7.760000,-7.055183e+00
777,7.770000,-6.875339e+00
778,7.780000,-6.906801e+00
779,7.790000,-6.846536e+00
780,7.800000,-6.830379e+00
781,7.810000,-6.777022e+00
782,7.820000,-6.877868e+00
783,7.830000,-7.105535e+00
784,7.840000,-7.474423e+00
785,7.850000,-7.601549e+00
786,7.860000,-7.133087e+00
787,7.870000,-7.277213e+00
788,7.880000,-7.365586e+00
789,7.890000,-7.675965e+00
790,7.900000,-7.459608e+00
791,7.910000,-7.700570e+00
792,7.920000,-8.017438e+00
793,7.930000,-8.084475e+00
794,7.940000,-7.712096e+00
795,7.950000,-7.662652e+00
796,7.960000,-7.820980e+00
797,7.970000,-8.581516e+00
798,7.980000,-8.085350e+00
799,7.990000,-8.005783e+00
800,8.000000,-8.400311e+00
801,8.010000,-8.718029e+00
802,8.020000,-8.483320e+00
803,8.030000,-8.673807e+00
804,8.040000,-8.771513e+00
805,8.050000,-8.910633e+00
806,8.060000,-8.646431e+00
807,8.070000,-8.464122e+00
808,8.080000,-8.422475e+00
809,8.090000,-8.221807e+00
810,8.100000,-8.056769e+00
811,8.110000,-7.945209e+00
812,8.120000,-8.012598e+00
813,8.130000,-8.145127e+00
814,8.140000,-7.415542e+00
815,8.150000,-7.090012e+00
816,8.160000,-7.157054e+00
817,8.170000,-7.242493e+00
818,8.180000,-7.330269e+00
819,8.190000,-7.115696e+00
820,8.200000,-7.293204e+00
821,8.210000,-7.489790e+00
822,8.220000,-7.601139e+00
823,8.230000,-7.481316e+00
824,8.240000,-7.484879e+00
825,8.250000,-7.587558e+00
826,8.260000,-7.922617e+00
827,8.270000,-8.152447e+00
828,8.280000,-8.256988e+00
829,8.290000,-8.138015e+00
830,8.300000,-8.006964e+00
831,8.310000,-8.051957e+00
832,8.320000,-7.951725e+00
833,8.330000,-8.185211e+00
834,8.340000,-8.187885e+00
835,8.350000,-7.938617e+00
836,8.360000,-7.721599e+00
837,8.370000,-7.282045e+00
838,8.380000,-6.790180e+00
839,8.390000,-6.555385e+00
840,8.400000,-6.587475e+00
841,8.410000,-6.329339e+00
842,8.420000,-6.330492e+00
843,8.430000,-6.371594e+00
844,8.440000,-6.550055e+00
845,8.450000,-6.658836e+00
846,8.460000,-6.778769e+00
847,8.470000,-7.068467e+00
848,8.480000,-7.138937e+00
849,8.490000,-7.113960e+00
850,8.500000,-7.122932e+00
851,8.510000,-6.997865e+00
852,8.520000,-7.020706e+00
853,8.530000,-7.418171e+00
854,8.540000,-7.750723e+00
855,8.550000,-7.887380e+00
856,8.560000,-7.893511e+00
857,8.570000,-7.981309e+00
858,8.580000,-8.432409e+00
859,8.590000,-7.647956e+00
860,8.600000,-7.570926e+00
861,8.610000,-7.889962e+00
862,8.620000,-7.612723e+00
863,8.630000,-7.624345e+00
864,8.640000,-7.670664e+00
865,8.650000,-7.781926e+00
866,8.660000,-7.443899e+00
867,8.670000,-7.122608e+00
868,8.680000,-7.104050e+00
869,8.690000,-7.422465e+00
870,8.700000,-7.953850e+00
871,8.710000,-7.907044e+00
872,8.720000,-7.959213e+00
873,8.730000,-7.993017e+00
874,8.740000,-7.884826e+00
875,8.750000,-7.988749e+00
876,8.760000,-7.889881e+00
877,8.770000,-8.319809e+00
878,8.780000,-8.335123e+00
879,8.790000,-8.427225e+00
880,8.800000,-8.307349e+00
881,8.810000,-8.532601e+00
882,8.820000,-8.730647e+00
883,8.830000,-8.323537e+00
884,8.840000,-7.692116e+00
885,8.850000,-7.440136e+00
886,8.860000,-6.919431e+00
887,8.870000,-6.534607e+00
888,8.880000,-6.704927e+00
889,8.890000,-7.014196e+00
890,8.900000,-7.651438e+00
891,8.910000,-7.549749e+00
892,8.920000,-7.636565e+00
893,8.930000,-7.652731e+00
894,8.940000,-7.870538e+00
895,8.950000,-7.742830e+00
896,8.960000,-8.005387e+00
897,8.970000,-7.947859e+00
898,8.980000,-7.689147e+00
899,8.990000,-7.419533e+00
900,9.000000,-7.529262e+00
901,9.010000,-7.878843e+00
902,9.020000,-7.693308e+00
903,9.030000,-7.779339e+00
904,9.040000,-8.105412e+00
905,9.050000,-7.470094e+00
906,9.060000,-6.915478e+00
907,9.070000,-6.562310e+00
908,9.080000,-6.542853e+00
909,9.090000,-6.579939e+00
910,9.100000,-6.829011e+00
911,9.110000,-6.959053e+00
912,9.120000,-6.925752e+00
913,9.130000,-7.402509e+00
914,9.140000,-7.760079e+00
915,9.150000,-7.838951e+00
916,9.160000,-7.273358e+00
917,9.170000,-7.025163e+00
918,9.180000,-6.912563e+00
919,9.190000,-7.180373e+00
920,9.200000,-7.629188e+00
921,9.210000,-8.051400e+00
922,9.220000,-8.490785e+00
923,9.230000,-8.695408e+00
924,9.240000,-8.411117e+00
925,9.250000,-8.329034e+00
926,9.260000,-7.727211e+00
927,9.270000,-7.787091e+00
928,9.280000,-8.219790e+00
929,9.290000,-8.483523e+00
930,9.300000,-8.278981e+00
931,9.310000,-7.960954e+00
932,9.320000,-7.490970e+00
933,9.330000,-7.461986e+00
934,9.340000,-7.371831e+00
935,9.350000,-7.553397e+00
936,9.360000,-7.461921e+00
937,9.370000,-7.303836e+00
938,9.380000,-7.319231e+00
939,9.390000,-7.334692e+00
940,9.400000,-7.278225e+00
941,9.410000,-7.235034e+00
942,9.420000,-7.353397e+00
943,9.430000,-7.416306e+00
944,9.440000,-7.726063e+00
945,9.450000,-7.917925e+00
946,9.460000,-7.868429e+00
947,9.470000,-7.768963e+00
948,9.480000,-7.842524e+00
949,9.490000,-7.680712e+00
950,9.500000,-8.069141e+00
951,9.510000,-8.019801e+00
952,9.520000,-7.616569e+00
953,9.530000,-7.443966e+00
954,9.540000,-7.174105e+00
955,9.550000,-6.889468e+00
956,9.560000,-6.897370e+00
957,9.570000,-7.214867e+00
958,9.580000,-7.664681e+00
959,9.590000,-8.172883e+00
960,9.600000,-8.423626e+00
961,9.610000,-8.256834e+00
962,9.620000,-8.102242e+00
963,9.630000,-8.136570e+00
964,9.640000,-8.384533e+00
965,9.650000,-8.204690e+00
966,9.660000,-8.519815e+00
967,9.670000,-8.506939e+00
968,9.680000,-8.441143e+00
969,9.690000,-8.258648e+00
970,9.700000,-7.883252e+00
971,9.710000,-7.547904e+00
972,9.720000,-7.189158e+00
973,9.730000,-7.222388e+00
974,9.740000,-7.336149e+00
975,9.750000,-7.964688e+00
976,9.760000,-7.775229e+00
977,9.770000,-7.738297e+00
978,9.780000,-7.939007e+00
979,9.790000,-7.890984e+00
980,9.800000,-8.338002e+00
981,9.810000,-8.260263e+00
982,9.820000,-8.174260e+00
983,9.830000,-7.795313e+00
984,9.840000,-7.617880e+00
985,9.850000,-7.971636e+00
986,9.860000,-8.194269e+00
987,9.870000,-8.007695e+00
988,9.880000,-7.772314e+00
989,9.890000,-7.576679e+00
990,9.900000,-7.346242e+00
991,9.910000,-7.279881e+00
992,9.920000,-7.433244e+00
993,9.930000,-7.622295e+00
994,9.940000,-7.447873e+00
995,9.950000,-7.614529e+00
996,9.960000,-7.708231e+00
997,9.970000,-8.161520e+00
998,9.980000,-8.353075e+00
999,9.990000,-8.215848e+00
1000,10.000000,-7.953281e+00
1001,10.010000,-8.028755e+00
1002,10.020000,-8.356771e+00
1003,10.030000,-8.094599e+00
1004,10.040000,-7.927057e+00
1005,10.050000,-7.776885e+00
1006,10.060000,-7.634835e+00
1007,10.070000,-7.638653e+00
1008,10.080000,-7.475511e+00
1009,10.090000,-7.386792e+00
1010,10.100000,-7.329403e+00
1011,10.110000,-7.506076e+00
1012,10.120000,-7.827237e+00
1013,10.130000,-8.203557e+00
1014,10.140000,-8.361176e+00
1015,10.150000,-8.745776e+00
1016,10.160000,-9.051188e+00
1017,10.170000,-9.043439e+00
1018,10.180000,-8.129433e+00
1019,10.190000,-7.973663e+00
1020,10.200000,-8.094271e+00
1021,10.210000,-8.109041e+00
1022,10.220000,-7.700978e+00
1023,10.230000,-7.777454e+00
1024,10.240000,-7.824779e+00
1025,10.250000,-8.164710e+00
1026,10.260000,-8.342540e+00
1027,10.270000,-8.475908e+00
1028,10.280000,-7.935739e+00
1029,10.290000,-7.618793e+00
1030,10.300000,-7.853066e+00
1031,10.310000,-7.667786e+00
1032,10.320000,-7.456788e+00
1033,10.330000,-7.155516e+00
1034,10.340000,-6.980708e+00
1035,10.350000,-7.122140e+00
1036,10.360000,-6.980069e+00
1037,10.370000,-6.785386e+00
1038,10.380000,-6.592720e+00
1039,10.390000,-6.860869e+00
1040,10.400000,-7.160211e+00
1041,10.410000,-7.159512e+00
1042,10.420000,-7.223225e+00
1043,10.430000,-7.586253e+00
1044,10.440000,-7.383984e+00
1045,10.450000,-7.119575e+00
1046,10.460000,-7.072582e+00
1047,10.470000,-7.362197e+00
1048,10.480000,-7.227058e+00
1049,10.490000,-7.131655e+00
1050,10.500000,-6.805200e+00
1051,10.510000,-6.988835e+00
1052,10.520000,-7.062555e+00
1053,10.530000,-7.045013e+00
1054,10.540000,-6.893172e+00
1055,10.550000,-6.884056e+00
1056,10.560000,-6.687097e+00
1057,10.570000,-6.411651e+00
1058,10.580000,-6.483208e+00
1059,10.590000,-6.620082e+00
1060,10.600000,-6.972318e+00
1061,10.610000,-7.249135e+00
1062,10.620000,-7.440820e+00
1063,10.630000,-7.132318e+00
1064,10.640000,-7.333265e+00
1065,10.650000,-7.498797e+00
1066,10.660000,-7.631014e+00
1067,10.670000,-7.384516e+00
1068,10.680000,-7.190394e+00
1069,10.690000,-7.176723e+00
1070,10.700000,-6.913443e+00
1071,10.710000,-6.930760e+00
1072,10.720000,-6.854232e+00
1073,10.730000,-6.992781e+00
1074,10.740000,-6.732478e+00
1075,10.750000,-6.767185e+00
1076,10.760000,-6.699524e+00
1077,10.770000,-7.001889e+00
1078,10.780000,-7.531398e+00
1079,10.790000,-7.310895e+00
1080,10.800000,-6.973705e+00
1081,10.810000,-6.941897e+00
1082,10.820000,-7.205386e+00
1083,10.830000,-7.419574e+00
1084,10.840000,-7.660921e+00
1085,10.850000,-7.947066e+00
1086,10.860000,-7.828023e+00
1087,10.870000,-7.437811e+00
1088,10.880000,-7.153752e+00
1089,10.890000,-7.312972e+00
1090,10.900000,-7.406807e+00
1091,10.910000,-7.162325e+00
1092,10.920000,-6.987419e+00
1093,10.930000,-6.713805e+00
1094,10.940000,-6.843318e+00
1095,10.950000,-7.119614e+00
1096,10.960000,-7.469342e+00
1097,10.970000,-7.780383e+00
1098,10.980000,-7.397850e+00
1099,10.990000,-7.097347e+00
1100,11.000000,-7.313046e+00
1101,11.010000,-7.569669e+00
1102,11.020000,-7.334664e+00
1103,11.030000,-7.620987e+00
1104,11.040000,-8.005445e+00
1105,11.050000,-8.074245e+00
1106,11.060000,-8.007806e+00
1107,11.070000,-7.869514e+00
1108,11.080000,-8.149480e+00
1109,11.090000,-8.052612e+00
1110,11.100000,-7.475146e+00
1111,11.110000,-7.230058e+00
1112,11.120000,-7.197186e+00
1113,11.130000,-7.400092e+00
1114,11.140000,-7.302323e+00
1115,11.150000,-7.156505e+00
1116,11.160000,-7.096189e+00
1117,11.170000,-7.225111e+00
1118,11.180000,-7.463739e+00
1119,11.190000,-7.696999e+00
1120,11.200000,-8.143671e+00
1121,11.210000,-8.488376e+00
1122,11.220000,-8.402709e+00
1123,11.230000,-8.417031e+00
1124,11.240000,-8.329828e+00
1125,11.250000,-8.544724e+00
1126,11.260000,-8.379437e+00
1127,11.270000,-8.430503e+00
1128,11.280000,-8.310868e+00
1129,11.290000,-8.242849e+00
1130,11.300000,-8.204818e+00
1131,11.310000,-8.256035e+00
1132,11.320000,-7.970384e+00
1133,11.330000,-8.021853e+00
1134,11.340000,-8.065303e+00
1135,11.350000,-7.707096e+00
1136,11.360000,-7.263013e+00
1137,11.370000,-7.117508e+00
1138,11.380000,-6.933464e+00
1139,11.390000,-6.715356e+00
1140,11.400000,-6.605246e+00
1141,11.410000,-6.610465e+00
1142,11.420000,-6.608957e+00
1143,11.430000,-6.391517e+00
1144,11.440000,-6.226861e+00
1145,11.450000,-6.420741e+00
1146,11.460000,-6.696783e+00
1147,11.470000,-6.977245e+00
1148,11.480000,-7.051153e+00
1149,11.490000,-7.357554e+00
1150,11.500000,-7.639139e+00
1151,11.510000,-7.754495e+00
1152,11.520000,-7.209965e+00
1153,11.530000,-7.129358e+00
1154,11.540000,-7.165159e+00
1155,11.550000,-7.528882e+00
1156,11.560000,-8.218563e+00
1157,11.570000,-7.967386e+00
1158,11.580000,-8.025154e+00
1159,11.590000,-8.262468e+00
1160,11.600000,-8.743359e+00
1161,11.610000,-8.676950e+00
1162,11.620000,-8.250803e+00
1163,11.630000,-8.165970e+00
1164,11.640000,-8.626776e+00
1165,11.650000,-8.412630e+00
1166,11.660000,-8.035046e+00
1167,11.670000,-8.159895e+00
1168,11.680000,-8.614227e+00
1169,11.690000,-8.516047e+00
1170,11.700000,-7.812102e+00
1171,11.710000,-7.883520e+00
1172,11.720000,-8.122791e+00
1173,11.730000,-8.285342e+00
1174,11.740000,-8.491866e+00
1175,11.750000,-8.383717e+00
1176,11.760000,-8.102588e+00
1177,11.770000,-8.156148e+00
1178,11.780000,-8.119095e+00
1179,11.790000,-8.489053e+00
1180,11.800000,-8.674597e+00
1181,11.810000,-8.050953e+00
1182,11.820000,-8.042342e+00
1183,11.830000,-8.077379e+00
1184,11.840000,-8.573119e+00
1185,11.850000,-8.247377e+00
1186,11.860000,-7.765971e+00
1187,11.870000,-7.756197e+00
1188,11.880000,-7.988977e+00
1189,11.890000,-8.184540e+00
1190,11.900000,-8.098091e+00
1191,11.910000,-8.102082e+00
1192,11.920000,-8.102410e+00
1193,11.930000,-8.074632e+00
1194,11.940000,-7.851506e+00
1195,11.950000,-8.076964e+00
1196,11.960000,-8.650386e+00
1197,11.970000,-8.288792e+00
1198,11.980000,-7.265661e+00
1199,11.990000,-6.842939e+00
1200,12.000000,-6.791916e+00
1201,12.010000,-6.918853e+00
1202,12.020000,-6.919047e+00
1203,12.030000,-6.764187e+00
1204,12.040000,-6.951656e+00
1205,12.050000,-7.169017e+00
1206,12.060000,-7.042662e+00
1207,12.070000,-7.022417e+00
1208,12.080000,-7.103805e+00
1209,12.090000,-7.379196e+00
1210,12.100000,-7.003638e+00
1211,12.110000,-6.814008e+00
1212,12.120000,-7.000175e+00
1213,12.130000,-7.303358e+00
1214,12.140000,-7.205317e+00
1215,12.150000,-6.953833e+00
1216,12.160000,-6.829226e+00
1217,12.170000,-6.722681e+00
1218,12.180000,-6.536762e+00
1219,12.190000,-6.535234e+00
1220,12.200000,-6.581769e+00
1221,12.210000,-6.811702e+00
1222,12.220000,-6.791366e+00
1223,12.230000,-6.776562e+00
1224,12.240000,-6.559656e+00
1225,12.250000,-6.309665e+00
1226,12.260000,-6.300084e+00
1227,12.270000,-6.387954e+00
1228,12.280000,-6.529713e+00
1229,12.290000,-6.559275e+00
1230,12.300000,-6.580714e+00
1231,12.310000,-6.747584e+00
1232,12.320000,-7.000783e+00
1233,12.330000,-7.099715e+00
1234,12.340000,-7.007093e+00
1235,12.350000,-6.844329e+00
1236,12.360000,-6.732677e+00
1237,12.370000,-6.789599e+00
1238,12.380000,-7.032222e+00
1239,12.390000,-7.171470e+00
1240,12.400000,-7.213060e+00
1241,12.410000,-7.138192e+00
1242,12.420000,-7.067649e+00
1243,12.430000,-6.989604e+00
1244,12.440000,-7.126981e+00
1245,12.450000,-7.481700e+00
1246,12.460000,-7.859661e+00
1247,12.470000,-8.062710e+00
1248,12.480000,-8.056456e+00
1249,12.490000,-8.059558e+00
1250,12.500000,-8.097474e+00
1251,12.510000,-8.290566e+00
1252,12.520000,-8.302178e+00
1253,12.530000,-7.655320e+00
1254,12.540000,-7.639246e+00
1255,12.550000,-7.569286e+00
1256,12.560000,-8.059375e+00
1257,12.570000,-7.871915e+00
1258,12.580000,-7.585648e+00
1259,12.590000,-7.406810e+00
1260,12.600000,-7.467423e+00
1261,12.610000,-7.387352e+00
1262,12.620000,-7.316361e+00
1263,12.630000,-7.357759e+00
1264,12.640000,-6.837200e+00
1265,12.650000,-6.745551e+00
1266,12.660000,-6.887045e+00
1267,12.670000,-6.944748e+00
1268,12.680000,-6.893176e+00
1269,12.690000,-6.878658e+00
1270,12.700000,-7.261108e+00
1271,12.710000,-7.523798e+00
1272,12.720000,-7.220424e+00
1273,12.730000,-7.114539e+00
1274,12.740000,-7.041619e+00
1275,12.750000,-7.094998e+00
1276,12.760000,-7.257086e+00
1277,12.770000,-7.188509e+00
1278,12.780000,-6.953496e+00
1279,12.790000,-7.105834e+00
1280,12.800000,-7.003594e+00
1281,12.810000,-7.036362e+00
1282,12.820000,-7.010039e+00
1283,12.830000,-7.082202e+00
1284,12.840000,-6.946888e+00
1285,12.850000,-7.128388e+00
1286,12.860000,-7.210437e+00
1287,12.870000,-7.422981e+00
1288,12.880000,-7.501075e+00
1289,12.890000,-7.454087e+00
1290,12.900000,-7.606783e+00
1291,12.910000,-7.959089e+00
1292,12.920000,-7.798476e+00
1293,12.930000,-7.461569e+00
1294,12.940000,-7.136006e+00
1295,12.950000,-7.129081e+00
1296,12.960000,-7.128826e+00
1297,12.970000,-7.157203e+00
1298,12.980000,-7.022874e+00
1299,12.990000,-6.890043e+00
1300,13.000000,-6.992414e+00
1301,13.010000,-7.024539e+00
1302,13.020000,-7.024126e+00
1303,13.030000,-6.869263e+00
1304,13.040000,-7.033986e+00
1305,13.050000,-6.815390e+00
1306,13.060000,-7.005368e+00
1307,13.070000,-6.970831e+00
1308,13.080000,-6.884221e+00
1309,13.090000,-7.045536e+00
1310,13.100000,-7.304954e+00
1311,13.110000,-7.417430e+00
1312,13.120000,-7.525896e+00
1313,13.130000,-7.618450e+00
1314,13.140000,-7.842155e+00
1315,13.150000,-7.861390e+00
1316,13.160000,-7.756392e+00
1317,13.170000,-7.822767e+00
1318,13.180000,-8.012106e+00
1319,13.190000,-7.977827e+00
1320,13.200000,-8.155972e+00
1321,13.210000,-7.978306e+00
1322,13.220000,-7.925864e+00
1323,13.230000,-8.056026e+00
1324,13.240000,-7.667318e+00
1325,13.250000,-7.503860e+00
1326,13.260000,-7.518229e+00
1327,13.270000,-7.290796e+00
1328,13.280000,-7.111221e+00
1329,13.290000,-7.112619e+00
1330,13.300000,-7.123673e+00
1331,13.310000,-7.148725e+00
1332,13.320000,-7.249985e+00
1333,13.330000,-7.314608e+00
1334,13.340000,-7.097204e+00
1335,13.350000,-7.014809e+00
1336,13.360000,-7.107592e+00
1337,13.370000,-7.063663e+00
1338,13.380000,-7.157621e+00
1339,13.390000,-7.449616e+00
1340,13.400000,-7.601274e+00
1341,13.410000,-7.673949e+00
1342,13.420000,-7.631647e+00
1343,13.430000,-7.589597e+00
1344,13.440000,-7.341453e+00
1345,13.450000,-6.979975e+00
1346,13.460000,-6.775012e+00
1347,13.470000,-6.757102e+00
1348,13.480000,-7.188898e+00
1349,13.490000,-7.825033e+00
1350,13.500000,-7.644357e+00
1351,13.510000,-7.594538e+00
1352,13.520000,-7.699716e+00
1353,13.530000,-7.806057e+00
1354,13.540000,-7.076427e+00
1355,13.550000,-6.811728e+00
1356,13.560000,-7.016744e+00
1357,13.570000,-7.104157e+00
1358,13.580000,-7.134900e+00
1359,13.590000,-7.017319e+00
1360,13.600000,-6.969281e+00
1361,13.610000,-7.327458e+00
1362,13.620000,-7.664581e+00
1363,13.630000,-8.800961e+00
1364,13.640000,-7.862843e+00
1365,13.650000,-7.739747e+00
1366,13.660000,-7.607708e+00
1367,13.670000,-7.410400e+00
1368,13.680000,-7.261374e+00
1369,13.690000,-7.136258e+00
1370,13.700000,-7.409159e+00
1371,13.710000,-6.955160e+00
1372,13.720000,-6.737121e+00
1373,13.730000,-6.256271e+00
1374,13.740000,-6.382647e+00
1375,13.750000,-6.416161e+00
1376,13.760000,-6.551084e+00
1377,13.770000,-6.870067e+00
1378,13.780000,-6.812682e+00
1379,13.790000,-6.593303e+00
1380,13.800000,-6.480348e+00
1381,13.810000,-6.491782e+00
1382,13.820000,-6.561543e+00
1383,13.830000,-6.651021e+00
1384,13.840000,-6.703643e+00
1385,13.850000,-6.986383e+00
1386,13.860000,-6.913421e+00
1387,13.870000,-6.785208e+00
1388,13.880000,-6.524391e+00
1389,13.890000,-6.534122e+00
1390,13.900000,-6.629329e+00
1391,13.910000,-6.883493e+00
1392,13.920000,-6.900530e+00
1393,13.930000,-7.040990e+00
1394,13.940000,-6.837217e+00
1395,13.950000,-6.909782e+00
1396,13.960000,-7.327034e+00
1397,13.970000,-7.889491e+00
1398,13.980000,-7.722545e+00
1399,13.990000,-7.714766e+00
1400,14.000000,-7.774821e+00
1401,14.010000,-7.735485e+00
1402,14.020000,-8.132316e+00
1403,14.030000,-8.168240e+00
1404,14.040000,-8.030165e+00
1405,14.050000,-8.311556e+00
1406,14.060000,-8.673636e+00
1407,14.070000,-8.278565e+00
1408,14.080000,-8.297140e+00
1409,14.090000,-8.334967e+00
1410,14.100000,-8.415744e+00
1411,14.110000,-8.416332e+00
1412,14.120000,-8.351304e+00
1413,14.130000,-8.545321e+00
1414,14.140000,-8.222476e+00
1415,14.150000,-8.173391e+00
1416,14.160000,-8.372674e+00
1417,14.170000,-8.280185e+00
1418,14.180000,-7.647863e+00
1419,14.190000,-7.627099e+00
1420,14.200000,-7.982571e+00
1421,14.210000,-8.559269e+00
1422,14.220000,-8.415712e+00
1423,14.230000,-8.116671e+00
1424,14.240000,-8.011981e+00
1425,14.250000,-7.973313e+00
1426,14.260000,-8.622042e+00
1427,14.270000,-8.652452e+00
1428,14.280000,-8.454765e+00
1429,14.290000,-8.008983e+00
1430,14.300000,-7.887215e+00
1431,14.310000,-8.272308e+00
1432,14.320000,-8.159679e+00
1433,14.330000,-8.367400e+00
1434,14.340000,-8.381010e+00
1435,14.350000,-8.314987e+00
1436,14.360000,-8.018607e+00
1437,14.370000,-7.846529e+00
1438,14.380000,-7.755858e+00
1439,14.390000,-7.927090e+00
1440,14.400000,-7.853236e+00
1441,14.410000,-7.751031e+00
1442,14.420000,-7.668497e+00
1443,14.430000,-7.986201e+00
1444,14.440000,-8.212720e+00
1445,14.450000,-7.899649e+00
1446,14.460000,-7.994370e+00
1447,14.470000,-7.828819e+00
1448,14.480000,-8.391298e+00
1449,14.490000,-8.379717e+00
1450,14.500000,-8.426513e+00
1451,14.510000,-8.158545e+00
1452,14.520000,-8.103036e+00
1453,14.530000,-8.126082e+00
1454,14.540000,-8.202651e+00
1455,14.550000,-8.357328e+00
1456,14.560000,-8.163084e+00
1457,14.570000,-7.910668e+00
1458,14.580000,-7.763300e+00
1459,14.590000,-7.701254e+00
1460,14.600000,-8.232631e+00
1461,14.610000,-8.229242e+00
1462,14.620000,-8.067165e+00
1463,14.630000,-7.784735e+00
1464,14.640000,-7.921466e+00
1465,14.650000,-8.280640e+00
1466,14.660000,-8.168612e+00
1467,14.670000,-8.089346e+00
1468,14.680000,-8.202270e+00
1469,14.690000,-8.519669e+00
1470,14.700000,-8.802752e+00
1471,14.710000,-8.938786e+00
1472,14.720000,-8.654226e+00
1473,14.730000,-8.826165e+00
1474,14.740000,-8.989926e+00
1475,14.750000,-8.528634e+00
1476,14.760000,-8.126813e+00
1477,14.770000,-8.062075e+00
1478,14.780000,-8.087311e+00
1479,14.790000,-8.507151e+00
1480,14.800000,-8.409904e+00
1481,14.810000,-7.935029e+00
1482,14.820000,-7.825802e+00
1483,14.830000,-7.688930e+00
1484,14.840000,-7.972603e+00
1485,14.850000,-7.558481e+00
1486,14.860000,-7.249490e+00
1487,14.870000,-7.142691e+00
1488,14.880000,-7.366712e+00
1489,14.890000,-7.448510e+00
1490,14.900000,-6.868342e+00
1491,14.910000,-6.754606e+00
1492,14.920000,-6.757617e+00
1493,14.930000,-7.201972e+00
1494,14.940000,-6.942172e+00
1495,14.950000,-6.721673e+00
1496,14.960000,-6.670241e+00
1497,14.970000,-7.150386e+00
1498,14.980000,-7.440142e+00
1499,14.990000,-7.176357e+00
1500,15.000000,-7.156710e+00
1501,15.010000,-7.581585e+00
1502,15.020000,-7.929621e+00
1503,15.030000,-8.028856e+00
1504,15.040000,-7.976346e+00
1505,15.050000,-8.106391e+00
1506,15.060000,-8.281303e+00
1507,15.070000,-7.195493e+00
1508,15.080000,-6.543152e+00
1509,15.090000,-6.165775e+00
1510,15.100000,-6.062463e+00
1511,15.110000,-6.273100e+00
1512,15.120000,-6.630842e+00
1513,15.130000,-6.690112e+00
1514,15.140000,-6.718485e+00
1515,15.150000,-6.688923e+00
1516,15.160000,-6.787996e+00
1517,15.170000,-6.741701e+00
1518,15.180000,-6.448688e+00
1519,15.190000,-6.189979e+00
1520,15.200000,-6.222554e+00
1521,15.210000,-6.183596e+00
1522,15.220000,-6.215250e+00
1523,15.230000,-6.303629e+00
1524,15.240000,-6.117306e+00
1525,15.250000,-6.112395e+00
1526,15.260000,-6.380951e+00
1527,15.270000,-6.510697e+00
1528,15.280000,-6.839181e+00
1529,15.290000,-6.837424e+00
1530,15.300000,-6.571242e+00
1531,15.310000,-6.578184e+00
1532,15.320000,-6.868468e+00
1533,15.330000,-6.930675e+00
1534,15.340000,-7.248837e+00
1535,15.350000,-7.417598e+00
1536,15.360000,-7.067001e+00
1537,15.370000,-7.245729e+00
1538,15.380000,-7.539478e+00
1539,15.390000,-7.142282e+00
1540,15.400000,-6.609129e+00
1541,15.410000,-6.327745e+00
1542,15.420000,-6.418400e+00
1543,15.430000,-6.559428e+00
1544,15.440000,-6.434381e+00
1545,15.450000,-6.485028e+00
1546,15.460000,-6.452138e+00
1547,15.470000,-6.718489e+00
1548,15.480000,-7.301901e+00
1549,15.490000,-7.203526e+00
1550,15.500000,-7.122927e+00
1551,15.510000,-7.133277e+00
1552,15.520000,-7.363063e+00
1553,15.530000,-7.651292e+00
1554,15.540000,-7.774113e+00
1555,15.550000,-7.837411e+00
1556,15.560000,-7.597107e+00
1557,15.570000,-7.820477e+00
1558,15.580000,-8.150260e+00
1559,15.590000,-8.147117e+00
1560,15.600000,-7.388238e+00
1561,15.610000,-6.965365e+00
1562,15.620000,-6.738118e+00
1563,15.630000,-6.713035e+00
1564,15.640000,-6.833957e+00
1565,15.650000,-6.963613e+00
1566,15.660000,-7.046980e+00
1567,15.670000,-6.907591e+00
1568,15.680000,-6.974560e+00
1569,15.690000,-7.163107e+00
1570,15.700000,-7.502119e+00
1571,15.710000,-7.540445e+00
1572,15.720000,-7.913249e+00
1573,15.730000,-8.122617e+00
1574,15.740000,-8.160670e+00
1575,15.750000,-7.411695e+00
1576,15.760000,-7.107005e+00
1577,15.770000,-7.035980e+00
1578,15.780000,-6.923633e+00
1579,15.790000,-7.015452e+00
1580,15.800000,-6.965284e+00
1581,15.810000,-7.083514e+00
1582,15.820000,-7.021974e+00
1583,15.830000,-7.142147e+00
1584,15.840000,-6.862611e+00
1585,15.850000,-6.827514e+00
1586,15.860000,-7.096564e+00
1587,15.870000,-7.225186e+00
1588,15.880000,-6.929250e+00
1589,15.890000,-7.151402e+00
1590,15.900000,-7.169960e+00
1591,15.910000,-7.618128e+00
1592,15.920000,-7.185754e+00
1593,15.930000,-6.808368e+00
1594,15.940000,-7.008199e+00
1595,15.950000,-7.545748e+00
1596,15.960000,-7.564627e+00
1597,15.970000,-7.355577e+00
1598,15.980000,-7.461500e+00
1599,15.990000,-8.707846e+00
1600,16.000000,-8.281489e+00
1601,16.010000,-7.874688e+00
1602,16.020000,-7.428805e+00
1603,16.030000,-7.346850e+00
1604,16.040000,-7.292865e+00
1605,16.050000,-7.160738e+00
1606,16.060000,-6.953184e+00
1607,16.070000,-7.392780e+00
1608,16.080000,-7.508757e+00
1609,16.090000,-7.569033e+00
1610,16.100000,-7.628920e+00
1611,16.110000,-8.160570e+00
1612,16.120000,-7.708375e+00
1613,16.130000,-7.692582e+00
1614,16.140000,-7.756211e+00
1615,16.150000,-7.813893e+00
1616,16.160000,-8.090469e+00
1617,16.170000,-7.927720e+00
1618,16.180000,-8.186840e+00
1619,16.190000,-7.852921e+00
1620,16.200000,-7.917906e+00
1621,16.210000,-7.928741e+00
1622,16.220000,-7.912434e+00
1623,16.230000,-7.744743e+00
1624,16.240000,-7.814429e+00
1625,16.250000,-7.763667e+00
1626,16.260000,-7.217014e+00
1627,16.270000,-7.341105e+00
1628,16.280000,-7.330344e+00
1629,16.290000,-7.932811e+00
1630,16.300000,-7.909880e+00
1631,16.310000,-7.766918e+00
1632,16.320000,-7.960499e+00
1633,16.330000,-8.330364e+00
1634,16.340000,-8.146430e+00
1635,16.350000,-8.305947e+00
1636,16.360000,-8.261156e+00
1637,16.370000,-8.550219e+00
1638,16.380000,-8.399037e+00
1639,16.390000,-8.348081e+00
1640,16.400000,-7.985651e+00
1641,16.410000,-7.781459e+00
1642,16.420000,-7.685782e+00
1643,16.430000,-7.345264e+00
1644,16.440000,-7.218827e+00
1645,16.450000,-7.707482e+00
1646,16.460000,-7.848553e+00
1647,16.470000,-7.495814e+00
1648,16.480000,-7.242829e+00
1649,16.490000,-7.549466e+00
1650,16.500000,-7.991364e+00
1651,16.510000,-7.887420e+00
1652,16.520000,-7.951591e+00
1653,16.530000,-7.868618e+00
1654,16.540000,-7.679202e+00
1655,16.550000,-7.713477e+00
1656,16.560000,-7.829257e+00
1657,16.570000,-7.702498e+00
1658,16.580000,-7.863605e+00
1659,16.590000,-8.417070e+00
1660,16.600000,-7.829022e+00
1661,16.610000,-7.775500e+00
1662,16.620000,-8.152642e+00
1663,16.630000,-7.896491e+00
1664,16.640000,-7.760604e+00
1665,16.650000,-7.989526e+00
1666,16.660000,-8.523410e+00
1667,16.670000,-8.265346e+00
1668,16.680000,-8.003924e+00
1669,16.690000,-8.153240e+00
1670,16.700000,-8.486071e+00
1671,16.710000,-9.101067e+00
1672,16.720000,-8.692286e+00
1673,16.730000,-8.588116e+00
1674,16.740000,-8.371516e+00
1675,16.750000,-8.102350e+00
1676,16.760000,-8.193067e+00
1677,16.770000,-8.063060e+00
1678,16.780000,-8.103765e+00
1679,16.790000,-8.134477e+00
1680,16.800000,-8.578229e+00
1681,16.810000,-8.791426e+00
1682,16.820000,-8.363672e+00
1683,16.830000,-8.022410e+00
1684,16.840000,-8.053272e+00
1685,16.850000,-8.431720e+00
1686,16.860000,-8.565961e+00
1687,16.870000,-8.147721e+00
1688,16.880000,-8.202353e+00
1689,16.890000,-8.065624e+00
1690,16.900000,-8.492568e+00
1691,16.910000,-8.186267e+00
1692,16.920000,-7.980004e+00
1693,16.930000,-7.841623e+00
1694,16.940000,-7.714762e+00
1695,16.950000,-7.967701e+00
1696,16.960000,-8.148762e+00
1697,16.970000,-8.320642e+00
1698,16.980000,-8.564225e+00
1699,16.990000,-8.727324e+00
1700,17.000000,-8.737774e+00
1701,17.010000,-8.554891e+00
1702,17.020000,-8.290462e+00
1703,17.030000,-8.031763e+00
1704,17.040000,-8.099251e+00
1705,17.050000,-8.265991e+00
1706,17.060000,-8.531422e+00
1707,17.070000,-8.622540e+00
1708,17.080000,-8.360825e+00
1709,17.090000,-8.408756e+00
1710,17.100000,-8.546834e+00
1711,17.110000,-8.599849e+00
1712,17.120000,-8.340374e+00
1713,17.130000,-8.637613e+00
1714,17.140000,-8.909562e+00
1715,17.150000,-8.529435e+00
1716,17.160000,-8.325387e+00
1717,17.170000,-8.176585e+00
1718,17.180000,-8.284092e+00
1719,17.190000,-8.112964e+00
1720,17.200000,-7.793773e+00
1721,17.210000,-7.553792e+00
1722,17.220000,-7.614147e+00
1723,17.230000,-7.763825e+00
1724,17.240000,-8.043993e+00
1725,17.250000,-7.864799e+00
1726,17.260000,-7.922067e+00
1727,17.270000,-8.102213e+00
1728,17.280000,-7.983730e+00
1729,17.290000,-8.221676e+00
1730,17.300000,-7.790443e+00
1731,17.310000,-6.921535e+00
1732,17.320000,-6.621676e+00
1733,17.330000,-6.669441e+00
1734,17.340000,-7.028698e+00
1735,17.350000,-7.013874e+00
1736,17.360000,-7.320323e+00
1737,17.370000,-7.111470e+00
1738,17.380000,-7.134808e+00
1739,17.390000,-7.616161e+00
1740,17.400000,-7.498515e+00
1741,17.410000,-7.528676e+00
1742,17.420000,-7.472773e+00
1743,17.430000,-7.562444e+00
1744,17.440000,-7.860199e+00
1745,17.450000,-7.323130e+00
1746,17.460000,-6.961677e+00
1747,17.470000,-7.009669e+00
1748,17.480000,-7.407763e+00
1749,17.490000,-7.479083e+00
1750,17.500000,-7.336290e+00
1751,17.510000,-7.670776e+00
1752,17.520000,-7.852622e+00
1753,17.530000,-7.980879e+00
1754,17.540000,-8.021725e+00
1755,17.550000,-8.374823e+00
1756,17.560000,-8.446285e+00
1757,17.570000,-8.849683e+00
1758,17.580000,-8.971649e+00
1759,17.590000,-8.630223e+00
1760,17.600000,-8.048244e+00
1761,17.610000,-7.832134e+00
1762,17.620000,-7.693667e+00
1763,17.630000,-7.978745e+00
1764,17.640000,-8.139256e+00
1765,17.650000,-7.702087e+00
1766,17.660000,-7.338385e+00
1767,17.670000,-7.463839e+00
1768,17.680000,-7.637793e+00
1769,17.690000,-7.955300e+00
1770,17.700000,-7.758423e+00
1771,17.710000,-7.751954e+00
1772,17.720000,-7.689239e+00
1773,17.730000,-7.533404e+00
1774,17.740000,-7.556554e+00
1775,17.750000,-7.719347e+00
1776,17.760000,-8.408119e+00
1777,17.770000,-8.821195e+00
1778,17.780000,-7.542079e+00
1779,17.790000,-7.218742e+00
1780,17.800000,-7.165022e+00
1781,17.810000,-7.276077e+00
1782,17.820000,-7.361698e+00
1783,17.830000,-7.412767e+00
1784,17.840000,-7.164868e+00
1785,17.850000,-7.097500e+00
1786,17.860000,-6.846444e+00
1787,17.870000,-6.645010e+00
1788,17.880000,-6.605691e+00
1789,17.890000,-6.496492e+00
1790,17.900000,-6.589140e+00
1791,17.910000,-6.470918e+00
1792,17.920000,-6.514231e+00
1793,17.930000,-6.540025e+00
1794,17.940000,-6.702720e+00
1795,17.950000,-6.926715e+00
1796,17.960000,-6.966278e+00
1797,17.970000,-7.153924e+00
1798,17.980000,-7.053009e+00
1799,17.990000,-7.003723e+00
1800,18.000000,-7.031088e+00
1801,18.010000,-7.250841e+00
1802,18.020000,-7.166279e+00
1803,18.030000,-7.363199e+00
1804,18.040000,-7.622884e+00
1805,18.050000,-7.865753e+00
1806,18.060000,-7.739915e+00
1807,18.070000,-7.840207e+00
1808,18.080000,-7.986756e+00
1809,18.090000,-8.080208e+00
1810,18.100000,-7.796538e+00
1811,18.110000,-7.838182e+00
1812,18.120000,-8.043900e+00
1813,18.130000,-7.867184e+00
1814,18.140000,-7.703865e+00
1815,18.150000,-7.721233e+00
1816,18.160000,-7.819406e+00
1817,18.170000,-8.073112e+00
1818,18.180000,-7.901194e+00
1819,18.190000,-7.915707e+00
1820,18.200000,-8.462227e+00
1821,18.210000,-8.602744e+00
1822,18.220000,-8.626671e+00
1823,18.230000,-8.291741e+00
1824,18.240000,-8.229128e+00
1825,18.250000,-8.225426e+00
1826,18.260000,-7.889054e+00
1827,18.270000,-7.828382e+00
1828,18.280000,-7.854817e+00
1829,18.290000,-8.085016e+00
1830,18.300000,-8.425196e+00
1831,18.310000,-8.509337e+00
1832,18.320000,-8.194883e+00
1833,18.330000,-7.930290e+00
1834,18.340000,-7.964111e+00
1835,18.350000,-8.670190e+00
1836,18.360000,-8.271791e+00
1837,18.370000,-8.039197e+00
1838,18.380000,-7.891531e+00
1839,18.390000,-7.880260e+00
1840,18.400000,-8.258596e+00
1841,18.410000,-8.086405e+00
1842,18.420000,-7.783995e+00
1843,18.430000,-7.638056e+00
1844,18.440000,-8.070331e+00
1845,18.450000,-8.679935e+00
1846,18.460000,-8.140527e+00
1847,18.470000,-8.049941e+00
1848,18.480000,-8.113688e+00
1849,18.490000,-8.548409e+00
1850,18.500000,-8.372087e+00
1851,18.510000,-7.927526e+00
1852,18.520000,-7.788904e+00
1853,18.530000,-7.744430e+00
1854,18.540000,-8.105059e+00
1855,18.550000,-8.349659e+00
1856,18.560000,-8.399940e+00
1857,18.570000,-8.175992e+00
1858,18.580000,-8.198470e+00
1859,18.590000,-8.581390e+00
1860,18.600000,-9.098747e+00
1861,18.610000,-8.668601e+00
1862,18.620000,-8.272517e+00
1863,18.630000,-8.201080e+00
1864,18.640000,-8.517268e+00
1865,18.650000,-8.900356e+00
1866,18.660000,-8.919170e+00
1867,18.670000,-8.546221e+00
1868,18.680000,-8.205333e+00
1869,18.690000,-8.312783e+00
1870,18.700000,-7.985210e+00
1871,18.710000,-7.886314e+00
1872,18.720000,-7.893883e+00
1873,18.730000,-8.015107e+00
1874,18.740000,-7.814531e+00
1875,18.750000,-7.749360e+00
1876,18.760000,-7.404531e+00
1877,18.770000,-7.420316e+00
1878,18.780000,-7.688457e+00
1879,18.790000,-7.320652e+00
1880,18.800000,-7.027821e+00
1881,18.810000,-7.157537e+00
1882,18.820000,-7.910854e+00
1883,18.830000,-7.799708e+00
1884,18.840000,-7.696448e+00
1885,18.850000,-7.941295e+00
1886,18.860000,-8.039536e+00
1887,18.870000,-8.007681e+00
1888,18.880000,-7.928358e+00
1889,18.890000,-7.782963e+00
1890,18.900000,-7.331735e+00
1891,18.910000,-7.251801e+00
1892,18.920000,-7.424193e+00
1893,18.930000,-7.238598e+00
1894,18.940000,-6.927000e+00
1895,18.950000,-6.915329e+00
1896,18.960000,-6.862567e+00
1897,18.970000,-7.196754e+00
1898,18.980000,-7.447297e+00
1899,18.990000,-7.323917e+00
1900,19.000000,-7.598196e+00
1901,19.010000,-7.990716e+00
1902,19.020000,-7.913037e+00
1903,19.030000,-7.858984e+00
1904,19.040000,-7.631026e+00
1905,19.050000,-7.499364e+00
1906,19.060000,-7.549237e+00
1907,19.070000,-8.072906e+00
1908,19.080000,-8.211089e+00
1909,19.090000,-7.823305e+00
1910,19.100000,-7.882469e+00
1911,19.110000,-8.353620e+00
1912,19.120000,-8.571674e+00
1913,19.130000,-8.218926e+00
1914,19.140000,-7.972091e+00
1915,19.150000,-8.058764e+00
1916,19.160000,-8.128396e+00
1917,19.170000,-8.477687e+00
1918,19.180000,-8.455958e+00
1919,19.190000,-8.029058e+00
1920,19.200000,-8.123020e+00
1921,19.210000,-8.498576e+00
1922,19.220000,-8.413062e+00
1923,19.230000,-7.774798e+00
1924,19.240000,-7.518772e+00
1925,19.250000,-7.358103e+00
1926,19.260000,-7.324710e+00
1927,19.270000,-7.297812e+00
1928,19.280000,-7.486513e+00
1929,19.290000,-7.640513e+00
1930,19.300000,-7.710029e+00
1931,19.310000,-7.761713e+00
1932,19.320000,-7.695314e+00
1933,19.330000,-7.790967e+00
1934,19.340000,-7.951745e+00
1935,19.350000,-7.865340e+00
1936,19.360000,-8.032156e+00
1937,19.370000,-8.086841e+00
1938,19.380000,-7.878321e+00
1939,19.390000,-7.457645e+00
1940,19.400000,-7.447787e+00
1941,19.410000,-7.554171e+00
1942,19.420000,-7.455541e+00
1943,19.430000,-7.042733e+00
1944,19.440000,-6.832356e+00
1945,19.450000,-6.867069e+00
1946,19.460000,-6.887390e+00
1947,19.470000,-7.029908e+00
1948,19.480000,-6.867225e+00
1949,19.490000,-6.999048e+00
1950,19.500000,-7.160968e+00
1951,19.510000,-7.190738e+00
1952,19.520000,-7.236788e+00
1953,19.530000,-7.391274e+00
1954,19.540000,-7.402029e+00
1955,19.550000,-7.388207e+00
1956,19.560000,-7.526007e+00
1957,19.570000,-7.775818e+00
1958,19.580000,-8.084049e+00
1959,19.590000,-8.125869e+00
1960,19.600000,-8.190285e+00
1961,19.610000,-7.862412e+00
1962,19.620000,-7.810442e+00
1963,19.630000,-7.999126e+00
1964,19.640000,-7.736308e+00
1965,19.650000,-7.558207e+00
1966,19.660000,-7.761416e+00
1967,19.670000,-7.777680e+00
1968,19.680000,-7.590605e+00
1969,19.690000,-7.768332e+00
1970,19.700000,-7.675562e+00
1971,19.710000,-7.919835e+00
1972,19.720000,-7.865420e+00
1973,19.730000,-7.672239e+00
1974,19.740000,-7.638549e+00
1975,19.750000,-7.548413e+00
1976,19.760000,-7.138031e+00
1977,19.770000,-6.718242e+00
1978,19.780000,-6.870316e+00
1979,19.790000,-7.355788e+00
1980,19.800000,-7.021160e+00
1981,19.810000,-6.910405e+00
1982,19.820000,-6.898430e+00
1983,19.830000,-7.293907e+00
1984,19.840000,-7.342098e+00
1985,19.850000,-7.150903e+00
1986,19.860000,-7.468144e+00
1987,19.870000,-7.767518e+00
1988,19.880000,-7.844449e+00
1989,19.890000,-7.924336e+00
1990,19.900000,-8.286775e+00
1991,19.910000,-7.679722e+00
1992,19.920000,-7.085764e+00
1993,19.930000,-6.970871e+00
1994,19.940000,-7.064444e+00
1995,19.950000,-7.378240e+00
1996,19.960000,-7.197748e+00
1997,19.970000,-6.916939e+00
1998,19.980000,-6.947429e+00
1999,19.990000,-7.163356e+00
2000,20.000000,-7.455132e+00
2001,20.010000,-7.781732e+00
2002,20.020000,-7.606839e+00
2003,20.030000,-7.815817e+00
2004,20.040000,-7.856804e+00
2005,20.050000,-7.386554e+00
2006,20.060000,-7.322516e+00
2007,20.070000,-7.522964e+00
2008,20.080000,-7.812925e+00
2009,20.090000,-7.591737e+00
2010,20.100000,-7.431178e+00
2011,20.110000,-7.668008e+00
2012,20.120000,-7.880188e+00
2013,20.130000,-7.844123e+00
2014,20.140000,-7.599036e+00
2015,20.150000,-7.221605e+00
2016,20.160000,-7.445877e+00
2017,20.170000,-8.132728e+00
2018,20.180000,-8.351650e+00
2019,20.190000,-8.361590e+00
2020,20.200000,-7.973718e+00
2021,20.210000,-7.822871e+00
2022,20.220000,-8.001474e+00
2023,20.230000,-8.289617e+00
2024,20.240000,-8.260631e+00
2025,20.250000,-8.150768e+00
2026,20.260000,-8.173787e+00
2027,20.270000,-8.542486e+00
2028,20.280000,-8.463355e+00
2029,20.290000,-7.902103e+00
2030,20.300000,-7.479000e+00
2031,20.310000,-7.221021e+00
2032,20.320000,-7.665971e+00
2033,20.330000,-7.946925e+00
2034,20.340000,-7.828680e+00
2035,20.350000,-7.425829e+00
2036,20.360000,-6.992785e+00
2037,20.370000,-7.084295e+00
2038,20.380000,-7.134249e+00
2039,20.390000,-7.798391e+00
2040,20.400000,-7.458812e+00
2041,20.410000,-7.266308e+00
2042,20.420000,-7.451038e+00
2043,20.430000,-7.691976e+00
2044,20.440000,-7.436532e+00
2045,20.450000,-7.287614e+00
2046,20.460000,-7.356158e+00
2047,20.470000,-7.630004e+00
2048,20.480000,-7.619792e+00
2049,20.490000,-7.563969e+00
2050,20.500000,-7.540599e+00
2051,20.510000,-7.701857e+00
2052,20.520000,-8.059082e+00
2053,20.530000,-7.948330e+00
2054,20.540000,-7.784219e+00
2055,20.550000,-7.748453e+00
2056,20.560000,-7.873697e+00
2057,20.570000,-8.300610e+00
2058,20.580000,-8.152890e+00
2059,20.590000,-7.582835e+00
2060,20.600000,-7.182004e+00
2061,20.610000,-7.245889e+00
2062,20.620000,-7.433334e+00
2063,20.630000,-8.031487e+00
2064,20.640000,-7.936966e+00
2065,20.650000,-7.864665e+00
2066,20.660000,-8.275099e+00
2067,20.670000,-8.384422e+00
2068,20.680000,-7.533115e+00
2069,20.690000,-7.391523e+00
2070,20.700000,-7.489072e+00
2071,20.710000,-7.743242e+00
2072,20.720000,-7.411474e+00
2073,20.730000,-7.668247e+00
2074,20.740000,-7.503519e+00
2075,20.750000,-7.660553e+00
2076,20.760000,-7.722478e+00
2077,20.770000,-8.168316e+00
2078,20.780000,-8.338740e+00
2079,20.790000,-8.194623e+00
2080,20.800000,-8.291819e+00
2081,20.810000,-8.624228e+00
2082,20.820000,-7.971933e+00
2083,20.830000,-7.693439e+00
2084,20.840000,-7.688568e+00
2085,20.850000,-8.139655e+00
2086,20.860000,-7.878937e+00
2087,20.870000,-7.945127e+00
2088,20.880000,-7.908030e+00
2089,20.890000,-7.922847e+00
2090,20.900000,-7.710666e+00
2091,20.910000,-7.614816e+00
2092,20.920000,-7.387336e+00
2093,20.930000,-7.219811e+00
2094,20.940000,-7.322799e+00
2095,20.950000,-7.362742e+00
2096,20.960000,-7.629071e+00
2097,20.970000,-7.755102e+00
2098,20.980000,-8.233840e+00
2099,20.990000,-8.225472e+00
2100,21.000000,-8.393190e+00
2101,21.010000,-7.967460e+00
2102,21.020000,-7.865279e+00
2103,21.030000,-8.005170e+00
2104,21.040000,-8.181967e+00
2105,21.050000,-8.415751e+00
2106,21.060000,-8.133228e+00
2107,21.070000,-8.056060e+00
2108,21.080000,-8.437634e+00
2109,21.090000,-8.571609e+00
2110,21.100000,-8.112480e+00
2111,21.110000,-8.045560e+00
2112,21.120000,-7.947383e+00
2113,21.130000,-8.332757e+00
2114,21.140000,-8.322662e+00
2115,21.150000,-8.335549e+00
2116,21.160000,-7.848370e+00
2117,21.170000,-7.507062e+00
2118,21.180000,-7.835199e+00
2119,21.190000,-7.881357e+00
2120,21.200000,-7.873773e+00
2121,21.210000,-7.921564e+00
2122,21.220000,-8.010779e+00
2123,21.230000,-7.822929e+00
2124,21.240000,-8.188309e+00
2125,21.250000,-8.491319e+00
2126,21.260000,-8.600738e+00
2127,21.270000,-8.378675e+00
2128,21.280000,-8.324988e+00
2129,21.290000,-8.925437e+00
2130,21.300000,-8.568176e+00
2131,21.310000,-8.162446e+00
2132,21.320000,-7.848487e+00
2133,21.330000,-8.213309e+00
2134,21.340000,-7.947787e+00
2135,21.350000,-8.144730e+00
2136,21.360000,-8.248428e+00
2137,21.370000,-8.436361e+00
2138,21.380000,-8.986674e+00
2139,21.390000,-8.594771e+00
2140,21.400000,-8.017065e+00
2141,21.410000,-7.986272e+00
2142,21.420000,-7.637774e+00
2143,21.430000,-7.899298e+00
2144,21.440000,-8.422228e+00
2145,21.450000,-7.979971e+00
2146,21.460000,-7.735734e+00
2147,21.470000,-7.724212e+00
2148,21.480000,-7.598897e+00
2149,21.490000,-7.934942e+00
2150,21.500000,-8.391697e+00
2151,21.510000,-8.461387e+00
2152,21.520000,-8.550034e+00
2153,21.530000,-8.449455e+00
2154,21.540000,-8.145760e+00
2155,21.550000,-7.949441e+00
2156,21.560000,-7.953972e+00
2157,21.570000,-7.814232e+00
2158,21.580000,-7.555722e+00
2159,21.590000,-7.535878e+00
2160,21.600000,-7.381222e+00
2161,21.610000,-7.297930e+00
2162,21.620000,-7.422084e+00
2163,21.630000,-7.778974e+00
2164,21.640000,-6.950475e+00
2165,21.650000,-6.599903e+00
2166,21.660000,-6.884833e+00
2167,21.670000,-7.038112e+00
2168,21.680000,-6.769532e+00
2169,21.690000,-6.194174e+00
2170,21.700000,-6.261181e+00
2171,21.710000,-6.049119e+00
2172,21.720000,-6.087530e+00
2173,21.730000,-6.408174e+00
2174,21.740000,-6.835750e+00
2175,21.750000,-6.986022e+00
2176,21.760000,-7.021005e+00
2177,21.770000,-7.209964e+00
2178,21.780000,-7.410505e+00
2179,21.790000,-7.170645e+00
2180,21.800000,-7.007619e+00
2181,21.810000,-7.188837e+00
2182,21.820000,-7.850547e+00
2183,21.830000,-8.164336e+00
2184,21.840000,-7.467828e+00
2185,21.850000,-6.851506e+00
2186,21.860000,-6.772210e+00
2187,21.870000,-6.566223e+00
2188,21.880000,-6.673021e+00
2189,21.890000,-6.845191e+00
2190,21.900000,-7.195215e+00
2191,21.910000,-6.800466e+00
2192,21.920000,-6.791548e+00
2193,21.930000,-6.913488e+00
2194,21.940000,-6.973100e+00
2195,21.950000,-6.843820e+00
2196,21.960000,-6.692553e+00
2197,21.970000,-6.834088e+00
2198,21.980000,-7.037739e+00
2199,21.990000,-6.711477e+00
2200,22.000000,-6.930147e+00
2201,22.010000,-7.296041e+00
2202,22.020000,-7.372136e+00
2203,22.030000,-7.244424e+00
2204,22.040000,-7.026024e+00
2205,22.050000,-7.349939e+00
2206,22.060000,-7.747623e+00
2207,22.070000,-7.779344e+00
2208,22.080000,-7.864919e+00
2209,22.090000,-7.734683e+00
2210,22.100000,-8.007118e+00
2211,22.110000,-8.152097e+00
2212,22.120000,-7.959943e+00
2213,22.130000,-8.142527e+00
2214,22.140000,-7.977846e+00
2215,22.150000,-7.743438e+00
2216,22.160000,-7.515197e+00
2217,22.170000,-7.308570e+00
2218,22.180000,-7.125913e+00
2219,22.190000,-6.728748e+00
2220,22.200000,-6.586606e+00
2221,22.210000,-6.420484e+00
2222,22.220000,-6.489827e+00
2223,22.230000,-6.473365e+00
2224,22.240000,-6.643718e+00
2225,22.250000,-6.666127e+00
2226,22.260000,-6.762859e+00
2227,22.270000,-6.655576e+00
2228,22.280000,-6.643853e+00
2229,22.290000,-6.820947e+00
2230,22.300000,-6.787953e+00
2231,22.310000,-6.882545e+00
2232,22.320000,-6.634101e+00
2233,22.330000,-6.470552e+00
2234,22.340000,-6.483943e+00
2235,22.350000,-6.624324e+00
2236,22.360000,-6.867903e+00
2237,22.370000,-6.980797e+00
2238,22.380000,-6.854695e+00
2239,22.390000,-6.721766e+00
2240,22.400000,-6.675756e+00
2241,22.410000,-6.591939e+00
2242,22.420000,-6.278410e+00
2243,22.430000,-6.281907e+00
2244,22.440000,-6.404081e+00
2245,22.450000,-6.625638e+00
2246,22.460000,-6.830364e+00
2247,22.470000,-6.901798e+00
2248,22.480000,-7.193501e+00
2249,22.490000,-7.375436e+00
2250,22.500000,-7.904368e+00
2251,22.510000,-7.726323e+00
2252,22.520000,-7.609147e+00
2253,22.530000,-8.117580e+00
2254,22.540000,-8.523992e+00
2255,22.550000,-8.310019e+00
2256,22.560000,-8.147840e+00
2257,22.570000,-8.025569e+00
2258,22.580000,-8.132409e+00
2259,22.590000,-8.186741e+00
2260,22.600000,-8.398338e+00
2261,22.610000,-8.400780e+00
2262,22.620000,-8.588954e+00
2263,22.630000,-8.871627e+00
2264,22.640000,-8.476281e+00
2265,22.650000,-7.885876e+00
2266,22.660000,-7.668165e+00
2267,22.670000,-7.605914e+00
2268,22.680000,-7.693060e+00
2269,22.690000,-7.555176e+00
2270,22.700000,-7.609589e+00
2271,22.710000,-7.476743e+00
2272,22.720000,-7.415506e+00
2273,22.730000,-7.333064e+00
2274,22.740000,-7.239189e+00
2275,22.750000,-7.377743e+00
2276,22.760000,-7.755041e+00
2277,22.770000,-7.769636e+00
2278,22.780000,-7.789182e+00
2279,22.790000,-7.509395e+00
2280,22.800000,-7.348673e+00
2281,22.810000,-7.277809e+00
2282,22.820000,-7.446149e+00
2283,22.830000,-7.486905e+00
2284,22.840000,-7.645955e+00
2285,22.850000,-7.692835e+00
2286,22.860000,-7.800769e+00
2287,22.870000,-8.015997e+00
2288,22.880000,-8.568011e+00
2289,22.890000,-8.641725e+00
2290,22.900000,-8.370029e+00
2291,22.910000,-8.104802e+00
2292,22.920000,-8.256904e+00
2293,22.930000,-8.397939e+00
2294,22.940000,-8.600163e+00
2295,22.950000,-8.255108e+00
2296,22.960000,-8.117933e+00
2297,22.970000,-7.830946e+00
2298,22.980000,-7.641225e+00
2299,22.990000,-7.786893e+00
2300,23.000000,-8.281185e+00
2301,23.010000,-7.449708e+00
2302,23.020000,-6.852077e+00
2303,23.030000,-6.849649e+00
2304,23.040000,-7.002077e+00
2305,23.050000,-7.434383e+00
2306,23.060000,-7.158056e+00
2307,23.070000,-7.102640e+00
2308,23.080000,-7.555075e+00
2309,23.090000,-7.520955e+00
2310,23.100000,-7.687723e+00
2311,23.110000,-8.151237e+00
2312,23.120000,-8.399306e+00
2313,23.130000,-8.243126e+00
2314,23.140000,-7.930082e+00
2315,23.150000,-7.823324e+00
2316,23.160000,-7.898521e+00
2317,23.170000,-8.192780e+00
2318,23.180000,-8.421584e+00
2319,23.190000,-7.992862e+00
2320,23.200000,-7.930375e+00
2321,23.210000,-8.074059e+00
2322,23.220000,-8.080915e+00
2323,23.230000,-7.750109e+00
2324,23.240000,-8.078946e+00
2325,23.250000,-8.983294e+00
2326,23.260000,-8.204335e+00
2327,23.270000,-8.132383e+00
2328,23.280000,-7.927726e+00
2329,23.290000,-8.175642e+00
2330,23.300000,-8.201270e+00
2331,23.310000,-8.163806e+00
2332,23.320000,-8.047269e+00
2333,23.330000,-7.899642e+00
2334,23.340000,-8.065053e+00
2335,23.350000,-8.527264e+00
2336,23.360000,-8.249172e+00
2337,23.370000,-8.013818e+00
2338,23.380000,-7.871737e+00
2339,23.390000,-8.006113e+00
2340,23.400000,-8.026744e+00
2341,23.410000,-7.983915e+00
2342,23.420000,-7.876247e+00
2343,23.430000,-8.287935e+00
2344,23.440000,-8.927444e+00
2345,23.450000,-8.890464e+00
2346,23.460000,-8.749535e+00
2347,23.470000,-8.625138e+00
2348,23.480000,-8.400777e+00
2349,23.490000,-8.626263e+00
2350,23.500000,-8.718287e+00
2351,23.510000,-8.156293e+00
2352,23.520000,-8.040731e+00
2353,23.530000,-7.995449e+00
2354,23.540000,-8.334824e+00
2355,23.550000,-8.634788e+00
2356,23.560000,-8.490508e+00
2357,23.570000,-8.576579e+00
2358,23.580000,-8.455647e+00
2359,23.590000,-8.675140e+00
2360,23.600000,-8.509878e+00
2361,23.610000,-8.530806e+00
2362,23.620000,-8.287067e+00
2363,23.630000,-8.195017e+00
2364,23.640000,-8.335870e+00
2365,23.650000,-8.344702e+00
2366,23.660000,-8.220433e+00
2367,23.670000,-7.987854e+00
2368,23.680000,-7.509281e+00
2369,23.690000,-7.422761e+00
2370,23.700000,-7.833417e+00
2371,23.710000,-7.694070e+00
2372,23.720000,-7.388788e+00
2373,23.730000,-7.406871e+00
2374,23.740000,-8.020005e+00
2375,23.750000,-7.952771e+00
2376,23.760000,-7.785558e+00
2377,23.770000,-7.719740e+00
2378,23.780000,-7.378683e+00
2379,23.790000,-7.160385e+00
2380,23.800000,-7.157349e+00
2381,23.810000,-7.696073e+00
2382,23.820000,-7.861227e+00
2383,23.830000,-7.560763e+00
2384,23.840000,-7.630024e+00
2385,23.850000,-7.487146e+00
2386,23.860000,-7.194687e+00
2387,23.870000,-6.740163e+00
2388,23.880000,-6.421566e+00
2389,23.890000,-6.238263e+00
2390,23.900000,-6.229129e+00
2391,23.910000,-6.420505e+00
2392,23.920000,-6.816246e+00
2393,23.930000,-7.004964e+00
2394,23.940000,-6.995384e+00
2395,23.950000,-7.130859e+00
2396,23.960000,-7.346474e+00
2397,23.970000,-7.456849e+00
2398,23.980000,-7.461848e+00
2399,23.990000,-7.863608e+00
2400,24.000000,-7.941082e+00
2401,24.010000,-7.752826e+00
2402,24.020000,-7.536748e+00
2403,24.030000,-7.454372e+00
2404,24.040000,-7.187758e+00
2405,24.050000,-6.848425e+00
2406,24.060000,-6.848670e+00
2407,24.070000,-6.380198e+00
2408,24.080000,-6.216810e+00
2409,24.090000,-6.119774e+00
2410,24.100000,-6.313282e+00
2411,24.110000,-6.910992e+00
2412,24.120000,-7.096240e+00
2413,24.130000,-7.385918e+00
2414,24.140000,-7.580382e+00
2415,24.150000,-7.860809e+00
2416,24.160000,-7.979864e+00
2417,24.170000,-8.252416e+00
2418,24.180000,-7.971463e+00
2419,24.190000,-7.825448e+00
2420,24.200000,-7.681236e+00
2421,24.210000,-7.858578e+00
2422,24.220000,-7.828622e+00
2423,24.230000,-7.699437e+00
2424,24.240000,-7.877041e+00
2425,24.250000,-8.015157e+00
2426,24.260000,-7.979652e+00
2427,24.270000,-8.081959e+00
2428,24.280000,-7.682278e+00
2429,24.290000,-7.500478e+00
2430,24.300000,-7.277738e+00
2431,24.310000,-7.544065e+00
2432,24.320000,-7.789495e+00
2433,24.330000,-7.970473e+00
2434,24.340000,-8.297599e+00
2435,24.350000,-8.190581e+00
2436,24.360000,-8.447813e+00
2437,24.370000,-8.568181e+00
2438,24.380000,-8.786865e+00
2439,24.390000,-8.556835e+00
2440,24.400000,-8.568034e+00
2441,24.410000,-8.055572e+00
2442,24.420000,-7.334752e+00
2443,24.430000,-7.082510e+00
2444,24.440000,-7.069245e+00
2445,24.450000,-6.773860e+00
2446,24.460000,-6.967187e+00
2447,24.470000,-7.202194e+00
2448,24.480000,-7.534217e+00
2449,24.490000,-7.526288e+00
2450,24.500000,-7.339636e+00
2451,24.510000,-7.173965e+00
2452,24.520000,-6.905658e+00
2453,24.530000,-7.035187e+00
2454,24.540000,-7.343522e+00
2455,24.550000,-7.379030e+00
2456,24.560000,-7.145543e+00
2457,24.570000,-6.967954e+00
2458,24.580000,-6.989301e+00
2459,24.590000,-6.901187e+00
2460,24.600000,-7.212309e+00
2461,24.610000,-7.575310e+00
2462,24.620000,-8.138445e+00
2463,24.630000,-8.060527e+00
2464,24.640000,-7.858461e+00
2465,24.650000,-7.645926e+00
2466,24.660000,-7.456793e+00
2467,24.670000,-7.546391e+00
2468,24.680000,-7.563010e+00
2469,24.690000,-7.259038e+00
2470,24.700000,-7.153419e+00
2471,24.710000,-7.113582e+00
2472,24.720000,-7.047787e+00
2473,24.730000,-7.094464e+00
2474,24.740000,-6.945018e+00
2475,24.750000,-6.781183e+00
2476,24.760000,-6.695736e+00
2477,24.770000,-6.643079e+00
2478,24.780000,-6.655139e+00
2479,24.790000,-6.878014e+00
2480,24.800000,-6.983772e+00
2481,24.810000,-7.085559e+00
2482,24.820000,-7.060404e+00
2483,24.830000,-7.074515e+00
2484,24.840000,-7.042963e+00
2485,24.850000,-7.172491e+00
2486,24.860000,-7.145648e+00
2487,24.870000,-7.280546e+00
2488,24.880000,-7.610276e+00
2489,24.890000,-8.273226e+00
2490,24.900000,-8.386065e+00
2491,24.910000,-8.299711e+00
2492,24.920000,-8.286844e+00
2493,24.930000,-7.841276e+00
2494,24.940000,-7.999841e+00
2495,24.950000,-8.617610e+00
2496,24.960000,-8.356182e+00
2497,24.970000,-8.153093e+00
2498,24.980000,-7.914648e+00
2499,24.990000,-7.932102e+00
2500,25.000000,-8.286977e+00
2501,25.010000,-8.587992e+00
2502,25.020000,-7.966568e+00
2503,25.030000,-7.968708e+00
2504,25.040000,-7.829916e+00
2505,25.050000,-7.335592e+00
2506,25.060000,-6.984824e+00
2507,25.070000,-6.559498e+00
2508,25.080000,-6.360005e+00
2509,25.090000,-6.811206e+00
2510,25.100000,-7.388658e+00
2511,25.110000,-7.287344e+00
2512,25.120000,-6.930718e+00
2513,25.130000,-6.974627e+00
2514,25.140000,-7.094018e+00
2515,25.150000,-6.959994e+00
2516,25.160000,-6.730680e+00
2517,25.170000,-6.771316e+00
2518,25.180000,-6.917558e+00
2519,25.190000,-7.066367e+00
2520,25.200000,-7.119003e+00
2521,25.210000,-7.357086e+00
2522,25.220000,-7.936973e+00
2523,25.230000,-8.190400e+00
2524,25.240000,-7.452642e+00
2525,25.250000,-7.243269e+00
2526,25.260000,-7.365788e+00
2527,25.270000,-7.247109e+00
2528,25.280000,-7.111819e+00
2529,25.290000,-6.873046e+00
2530,25.300000,-6.887919e+00
2531,25.310000,-7.039333e+00
2532,25.320000,-7.514262e+00
2533,25.330000,-7.828897e+00
2534,25.340000,-8.172898e+00
2535,25.350000,-7.929854e+00
2536,25.360000,-7.411386e+00
2537,25.370000,-7.304945e+00
2538,25.380000,-7.549199e+00
2539,25.390000,-8.042392e+00
2540,25.400000,-8.261530e+00
2541,25.410000,-8.285001e+00
2542,25.420000,-8.472320e+00
2543,25.430000,-8.181442e+00
2544,25.440000,-7.798973e+00
2545,25.450000,-7.807200e+00
2546,25.460000,-7.953395e+00
2547,25.470000,-7.763565e+00
2548,25.480000,-7.424356e+00
2549,25.490000,-7.389971e+00
2550,25.500000,-7.276353e+00
2551,25.510000,-7.354660e+00
2552,25.520000,-7.525885e+00
2553,25.530000,-7.647737e+00
2554,25.540000,-7.404093e+00
2555,25.550000,-7.090899e+00
2556,25.560000,-6.881640e+00
2557,25.570000,-7.031159e+00
2558,25.580000,-7.475254e+00
2559,25.590000,-7.686497e+00
2560,25.600000,-7.542453e+00
2561,25.610000,-7.707421e+00
2562,25.620000,-7.813210e+00
2563,25.630000,-7.295197e+00
2564,25.640000,-7.400124e+00
2565,25.650000,-7.048280e+00
2566,25.660000,-7.073228e+00
2567,25.670000,-7.203376e+00
2568,25.680000,-6.794342e+00
2569,25.690000,-6.459269e+00
2570,25.700000,-6.686995e+00
2571,25.710000,-7.053889e+00
2572,25.720000,-7.031040e+00
2573,25.730000,-6.748250e+00
2574,25.740000,-6.677207e+00
2575,25.750000,-7.016625e+00
2576,25.760000,-7.020558e+00
2577,25.770000,-6.985391e+00
2578,25.780000,-6.865418e+00
2579,25.790000,-7.020652e+00
2580,25.800000,-7.080946e+00
2581,25.810000,-7.505557e+00
2582,25.820000,-7.618505e+00
2583,25.830000,-7.582528e+00
2584,25.840000,-7.846459e+00
2585,25.850000,-7.842602e+00
2586,25.860000,-8.008854e+00
2587,25.870000,-7.784709e+00
2588,25.880000,-7.833955e+00
2589,25.890000,-7.722912e+00
2590,25.900000,-7.834638e+00
2591,25.910000,-8.067607e+00
2592,25.920000,-8.195271e+00
2593,25.930000,-8.034465e+00
2594,25.940000,-8.068197e+00
2595,25.950000,-7.992348e+00
2596,25.960000,-8.146528e+00
2597,25.970000,-8.235010e+00
2598,25.980000,-8.341728e+00
2599,25.990000,-7.931176e+00
2600,26.000000,-8.074763e+00
2601,26.010000,-8.325506e+00
2602,26.020000,-8.556712e+00
2603,26.030000,-8.717392e+00
2604,26.040000,-8.516847e+00
2605,26.050000,-8.446027e+00
2606,26.060000,-8.677112e+00
2607,26.070000,-8.621031e+00
2608,26.080000,-8.533822e+00
2609,26.090000,-8.429356e+00
2610,26.100000,-8.574831e+00
2611,26.110000,-9.136469e+00
2612,26.120000,-8.864112e+00
2613,26.130000,-8.569963e+00
2614,26.140000,-8.575787e+00
2615,26.150000,-8.735388e+00
2616,26.160000,-8.960320e+00
2617,26.170000,-8.815612e+00
2618,26.180000,-8.515862e+00
2619,26.190000,-8.422099e+00
2620,26.200000,-8.212163e+00
2621,26.210000,-8.257943e+00
2622,26.220000,-7.776923e+00
2623,26.230000,-7.577033e+00
2624,26.240000,-7.411294e+00
2625,26.250000,-7.052934e+00
2626,26.260000,-7.109420e+00
2627,26.270000,-7.021013e+00
2628,26.280000,-6.937857e+00
2629,26.290000,-6.754139e+00
2630,26.300000,-6.876866e+00
2631,26.310000,-6.981071e+00
2632,26.320000,-7.208501e+00
2633,26.330000,-7.072143e+00
2634,26.340000,-7.529070e+00
2635,26.350000,-8.283346e+00
2636,26.360000,-8.131826e+00
2637,26.370000,-7.958090e+00
2638,26.380000,-7.949065e+00
2639,26.390000,-8.169296e+00
2640,26.400000,-7.592282e+00
2641,26.410000,-7.431718e+00
2642,26.420000,-7.293409e+00
2643,26.430000,-7.019638e+00
2644,26.440000,-6.772031e+00
2645,26.450000,-6.841147e+00
2646,26.460000,-7.676219e+00
2647,26.470000,-7.980881e+00
2648,26.480000,-7.893454e+00
2649,26.490000,-8.015798e+00
2650,26.500000,-8.520140e+00
2651,26.510000,-8.427679e+00
2652,26.520000,-8.413944e+00
2653,26.530000,-7.981328e+00
2654,26.540000,-7.825014e+00
2655,26.550000,-7.400861e+00
2656,26.560000,-7.378865e+00
2657,26.570000,-7.467914e+00
2658,26.580000,-7.487083e+00
2659,26.590000,-7.832394e+00
2660,26.600000,-7.832446e+00
2661,26.610000,-7.851058e+00
2662,26.620000,-7.765515e+00
2663,26.630000,-8.036140e+00
2664,26.640000,-8.697917e+00
2665,26.650000,-8.328764e+00
2666,26.660000,-7.930273e+00
2667,26.670000,-7.815213e+00
2668,26.680000,-7.821592e+00
2669,26.690000,-7.897834e+00
2670,26.700000,-7.571940e+00
2671,26.710000,-7.568924e+00
2672,26.720000,-7.331882e+00
2673,26.730000,-7.515881e+00
2674,26.740000,-7.812783e+00
2675,26.750000,-7.970143e+00
2676,26.760000,-8.042897e+00
2677,26.770000,-7.779940e+00
2678,26.780000,-7.866121e+00
2679,26.790000,-7.712771e+00
2680,26.800000,-7.639705e+00
2681,26.810000,-7.423731e+00
2682,26.820000,-7.737976e+00
2683,26.830000,-7.806484e+00
2684,26.840000,-7.986436e+00
2685,26.850000,-7.799550e+00
2686,26.860000,-7.824149e+00
2687,26.870000,-8.030405e+00
2688,26.880000,-7.925623e+00
2689,26.890000,-7.930223e+00
2690,26.900000,-7.959044e+00
2691,26.910000,-8.236564e+00
2692,26.920000,-8.203606e+00
2693,26.930000,-8.103601e+00
2694,26.940000,-8.076026e+00
2695,26.950000,-8.243051e+00
